REF_DATE,GEO,DGUID,North American Product Classification System (NAPCS),UOM,UOM_ID,SCALAR_FACTOR,SCALAR_ID,VECTOR,COORDINATE,VALUE,STATUS,SYMBOL,TERMINATED,DECIMALS
1956-01,Canada,2016A000011124,"Total, Industrial product price index (IPPI)","Index, 2010=100",184,units ,0,v79309137,1.1,15.6,,,,1
1956-01,Canada,2016A000011124,Energy and petroleum products [P51],"Index, 2010=100",184,units ,0,v79309138,1.2,,..,,,1
1956-01,Canada,2016A000011124,Natural gas liquids and related products [143],"Index, 2010=100",184,units ,0,v79309139,1.3,,..,,,1
1956-01,Canada,2016A000011124,"Solid fuel products, not elsewhere classified [144]","Index, 2010=100",184,units ,0,v79309140,1.4,,..,,,1
1956-01,Canada,2016A000011124,"Refined petroleum energy products, and biofuels [261]","Index, 2010=100",184,units ,0,v79309141,1.5,,..,,,1
1956-01,Canada,2016A000011124,Coke and other coke oven products [26111],"Index, 2010=100",184,units ,0,v79309142,1.6,,..,,,1
1956-01,Canada,2016A000011124,Motor gasoline [26121],"Index, 2010=100",184,units ,0,v79309143,1.7,,..,,,1
1956-01,Canada,2016A000011124,"Motor gasoline, regular","Index, 2010=100",184,units ,0,v79309144,1.8,,..,,,1
1956-01,Canada,2016A000011124,"Motor gasoline, premium","Index, 2010=100",184,units ,0,v79309145,1.9,,..,,,1
1956-01,Canada,2016A000011124,"Motor gasoline, midgrade","Index, 2010=100",184,units ,0,v79309146,1.1,,..,,,1
2021-02,Canada,2016A000011124,Diesel fuel [26122],"Index, 2010=100",184,units ,0,v79309147,1.11,5.7,,,,1
2021-02,Canada,2016A000011124,Jet fuel [26131],"Index, 2010=100",184,units ,0,v79309148,1.12,,..,,,1
1956-01,Canada,2016A000011124,Light fuel oils [26132],"Index, 2010=100",184,units ,0,v79309149,1.13,,..,,,1
1956-01,Canada,2016A000011124,Kerosene (except jet fuel) [261321],"Index, 2010=100",184,units ,0,v79309150,1.14,5.1,,,,1
1956-01,Canada,2016A000011124,Light fuel oils (except kerosene and diesel) [261322],"Index, 2010=100",184,units ,0,v79309151,1.15,4.5,,,,1
1956-01,Canada,2016A000011124,Heavy fuel oils [26133],"Index, 2010=100",184,units ,0,v79309152,1.16,3.8,,,,1
1956-01,Canada,2016A000011124,Ethanol and biodiesel fuels [26141],"Index, 2010=100",184,units ,0,v79309153,1.17,,..,,,1
1956-01,Canada,2016A000011124,Ethanol fuel [261411],"Index, 2010=100",184,units ,0,v79309154,1.18,,..,,,1
1956-01,Canada,2016A000011124,Biodiesel fuel [261412],"Index, 2010=100",184,units ,0,v79309155,1.19,,..,,,1
1956-01,Canada,2016A000011124,Asphalt (except natural) and asphalt products [262],"Index, 2010=100",184,units ,0,v79309156,1.2,,..,,,1
1956-01,Canada,2016A000011124,Asphalt (except natural) and asphalt products [26211],"Index, 2010=100",184,units ,0,v79309157,1.21,,..,,,1
1956-01,Canada,2016A000011124,Asphalt (except natural) [262111],"Index, 2010=100",184,units ,0,v79309158,1.22,,..,,,1
1956-01,Canada,2016A000011124,Asphalt paving mixtures and blocks [262112],"Index, 2010=100",184,units ,0,v79309159,1.23,,..,,,1
1956-01,Canada,2016A000011124,Prepared asphalts (including roofing and saturated felts) [262113],"Index, 2010=100",184,units ,0,v79309160,1.24,,..,,,1
1956-01,Canada,2016A000011124,Lubricants and other petroleum refinery products [264],"Index, 2010=100",184,units ,0,v79309161,1.25,,..,,,1
1956-01,Canada,2016A000011124,Lubricants and other petroleum refinery products [26411],"Index, 2010=100",184,units ,0,v79309162,1.26,,..,,,1
1956-01,Canada,2016A000011124,Automotive lubricating oils and greases [264111],"Index, 2010=100",184,units ,0,v79309163,1.27,,..,,,1
1956-01,Canada,2016A000011124,Petroleum-based lubricating oils and greases (except automotive) [264112],"Index, 2010=100",184,units ,0,v79309164,1.28,,..,,,1
1956-01,Canada,2016A000011124,Unfinished petroleum oils [264113],"Index, 2010=100",184,units ,0,v79309165,1.29,,..,,,1
1956-01,Canada,2016A000011124,"Finished petroleum products, not elsewhere classified [264114]","Index, 2010=100",184,units ,0,v79309166,1.3,,..,,,1
1956-01,Canada,2016A000011124,"Meat, fish, and dairy products [P11]","Index, 2010=100",184,units ,0,v79309168,1.32,,..,,,1
1956-01,Canada,2016A000011124,Prepared and packaged seafood products [171],"Index, 2010=100",184,units ,0,v79309169,1.33,,..,,,1
1956-01,Canada,2016A000011124,Prepared and packaged seafood products [17111],"Index, 2010=100",184,units ,0,v79309170,1.34,,..,,,1
1956-01,Canada,2016A000011124,Prepared fresh fish and shellfish and fresh seafood products [171111],"Index, 2010=100",184,units ,0,v79309171,1.35,,..,,,1
1956-01,Canada,2016A000011124,"Prepared fresh fish and shellfish and fresh seafood products, domestic [171111]","Index, 2010=100",184,units ,0,v79309172,1.36,,..,,,1
1956-01,Canada,2016A000011124,"Prepared fresh fish and shellfish and fresh seafood products, export [171111]","Index, 2010=100",184,units ,0,v79309173,1.37,,..,,,1
1956-01,Canada,2016A000011124,Canned fish and shellfish (including soups) [171112],"Index, 2010=100",184,units ,0,v79309174,1.38,,..,,,1
1956-01,Canada,2016A000011124,"Canned fish and shellfish (including soups), domestic [171112]","Index, 2010=100",184,units ,0,v79309175,1.39,,..,,,1
1956-01,Canada,2016A000011124,"Canned fish and shellfish (including soups), export [171112]","Index, 2010=100",184,units ,0,v79309176,1.4,,..,,,1
1956-01,Canada,2016A000011124,Cured fish and shellfish [171113],"Index, 2010=100",184,units ,0,v79309177,1.41,,..,,,1
1956-01,Canada,2016A000011124,Frozen prepared fish and other seafood products (except frozen shellfish) [171114],"Index, 2010=100",184,units ,0,v79309178,1.42,,..,,,1
1956-01,Canada,2016A000011124,"Frozen prepared fish and other seafood products (except frozen shellfish), domestic [171114]","Index, 2010=100",184,units ,0,v79309179,1.43,,..,,,1
1956-01,Canada,2016A000011124,"Frozen prepared fish and other seafood products (except frozen shellfish), export [171114]","Index, 2010=100",184,units ,0,v79309180,1.44,,..,,,1
1956-01,Canada,2016A000011124,Frozen prepared shellfish [171115],"Index, 2010=100",184,units ,0,v79309181,1.45,,..,,,1
1956-01,Canada,2016A000011124,Meat products [172],"Index, 2010=100",184,units ,0,v79309182,1.46,,..,,,1
1956-01,Canada,2016A000011124,Fresh and frozen beef and veal [17211],"Index, 2010=100",184,units ,0,v79309183,1.47,20.4,,,,1
1956-01,Canada,2016A000011124,Fresh and frozen carcasses and half-carcasses of beef and veal [172111],"Index, 2010=100",184,units ,0,v79309184,1.48,,..,,,1
1956-01,Canada,2016A000011124,Fresh and frozen cuts of beef [172112],"Index, 2010=100",184,units ,0,v79309185,1.49,,..,,,1
1956-01,Canada,2016A000011124,Fresh and frozen ground beef [172113],"Index, 2010=100",184,units ,0,v79309186,1.5,,..,,,1
1956-01,Canada,2016A000011124,Fresh and frozen veal (except carcasses and half-carcasses) [172114],"Index, 2010=100",184,units ,0,v79309187,1.51,,..,,,1
1956-01,Canada,2016A000011124,Fresh and frozen pork [17212],"Index, 2010=100",184,units ,0,v79309188,1.52,14.6,,,,1
1956-01,Canada,2016A000011124,"Fresh and frozen pork, domestic [172121]","Index, 2010=100",184,units ,0,v79309189,1.53,,..,,,1
1956-01,Canada,2016A000011124,"Fresh and frozen pork, export [172121]","Index, 2010=100",184,units ,0,v79309190,1.54,,..,,,1
1956-01,Canada,2016A000011124,Fresh and frozen poultry of all types [17213],"Index, 2010=100",184,units ,0,v79309191,1.55,,..,,,1
1956-01,Canada,2016A000011124,Fresh and frozen chicken [172131],"Index, 2010=100",184,units ,0,v79309192,1.56,,..,,,1
1956-01,Canada,2016A000011124,Fresh and frozen turkey [172132],"Index, 2010=100",184,units ,0,v79309193,1.57,,..,,,1
1956-01,Canada,2016A000011124,Other fresh and frozen poultry and fowl [172133],"Index, 2010=100",184,units ,0,v79309194,1.58,,..,,,1
1956-01,Canada,2016A000011124,"Fresh and frozen lamb, mutton and goat meat [17214]","Index, 2010=100",184,units ,0,v79309195,1.59,,..,,,1
1956-01,Canada,2016A000011124,"Processed meat products, other meats and animal by-products [17215]","Index, 2010=100",184,units ,0,v79309196,1.6,,..,,,1
1956-01,Canada,2016A000011124,Sausage (except poultry sausages) [172151],"Index, 2010=100",184,units ,0,v79309197,1.61,,..,,,1
1956-01,Canada,2016A000011124,"Ham, bacon and other processed pork [172152]","Index, 2010=100",184,units ,0,v79309198,1.62,,..,,,1
1956-01,Canada,2016A000011124,Processed poultry products (including canned poultry and poultry sausages) [172153],"Index, 2010=100",184,units ,0,v79309199,1.63,,..,,,1
1956-01,Canada,2016A000011124,"Canned meat and processed meats, not elsewhere classified [172154]","Index, 2010=100",184,units ,0,v79309200,1.64,,..,,,1
1956-01,Canada,2016A000011124,Lard [172155],"Index, 2010=100",184,units ,0,v79309201,1.65,,..,,,1
1956-01,Canada,2016A000011124,"Animal oil and fat (except lard), and feed and fertilizer by-products [172156]","Index, 2010=100",184,units ,0,v79309202,1.66,,..,,,1
1956-01,Canada,2016A000011124,"Hides, skins, and pelts (except of fur-bearing animals) [172157]","Index, 2010=100",184,units ,0,v79309203,1.67,,..,,,1
1956-01,Canada,2016A000011124,"Meat of other animals, and animal by-products, not elsewhere classified [172158]","Index, 2010=100",184,units ,0,v79309204,1.68,,..,,,1
1956-01,Canada,2016A000011124,Dairy products [173],"Index, 2010=100",184,units ,0,v79309205,1.69,,..,,,1
1956-01,Canada,2016A000011124,Fluid milk and processed milk products [17311],"Index, 2010=100",184,units ,0,v79309206,1.7,,..,,,1
1956-01,Canada,2016A000011124,"Fluid milk products, in bulk [173111]","Index, 2010=100",184,units ,0,v79309207,1.71,,..,,,1
1956-01,Canada,2016A000011124,Packaged fluid skim milk (except canned milk and UHT) [173112],"Index, 2010=100",184,units ,0,v79309208,1.72,,..,,,1
1956-01,Canada,2016A000011124,"Packaged fluid milk (except skim milk and cream, and canned milk and UHT) [173113]","Index, 2010=100",184,units ,0,v79309209,1.73,,..,,,1
1956-01,Canada,2016A000011124,Packaged fluid cream (except canned cream and UHT) [173114],"Index, 2010=100",184,units ,0,v79309210,1.74,,..,,,1
1956-01,Canada,2016A000011124,"Flavoured milk, buttermilk, and sour cream [173115]","Index, 2010=100",184,units ,0,v79309211,1.75,,..,,,1
1956-01,Canada,2016A000011124,Yoghurt (except frozen) [173116],"Index, 2010=100",184,units ,0,v79309212,1.76,,..,,,1
1956-01,Canada,2016A000011124,Butter and dry and canned dairy products [17312],"Index, 2010=100",184,units ,0,v79309213,1.77,,..,,,1
1956-01,Canada,2016A000011124,Butter [173121],"Index, 2010=100",184,units ,0,v79309214,1.78,,..,,,1
1956-01,Canada,2016A000011124,"Canned, concentrated and condensed milk products (including UHT) [173122]","Index, 2010=100",184,units ,0,v79309215,1.79,,..,,,1
1956-01,Canada,2016A000011124,Dry milk-based powder mixes [173123],"Index, 2010=100",184,units ,0,v79309216,1.8,,..,,,1
1956-01,Canada,2016A000011124,Dry skim milk powder [173124],"Index, 2010=100",184,units ,0,v79309217,1.81,,..,,,1
1956-01,Canada,2016A000011124,Dry milk products (except milk-based powder mixes and skim milk powder) [173125],"Index, 2010=100",184,units ,0,v79309218,1.82,,..,,,1
1956-01,Canada,2016A000011124,Dairy product substitutes (including non-milk-based powder mixes) [173126],"Index, 2010=100",184,units ,0,v79309219,1.83,,..,,,1
1956-01,Canada,2016A000011124,Cheese and cheese products [17313],"Index, 2010=100",184,units ,0,v79309220,1.84,,..,,,1
1956-01,Canada,2016A000011124,Cheese (except cottage cheese and process cheese) [173131],"Index, 2010=100",184,units ,0,v79309221,1.85,,..,,,1
1956-01,Canada,2016A000011124,Process cheese and processed cheese products [173132],"Index, 2010=100",184,units ,0,v79309222,1.86,,..,,,1
1956-01,Canada,2016A000011124,Cottage cheese [173133],"Index, 2010=100",184,units ,0,v79309223,1.87,,..,,,1
1956-01,Canada,2016A000011124,"Ice cream, sherbet and similar frozen desserts [17314]","Index, 2010=100",184,units ,0,v79309224,1.88,,..,,,1
1956-01,Canada,2016A000011124,"Fruit, vegetables, feed and other food products [P12]","Index, 2010=100",184,units ,0,v79309225,1.89,,..,,,1
1956-01,Canada,2016A000011124,Animal feed [181],"Index, 2010=100",184,units ,0,v79309226,1.9,,..,,,1
1956-01,Canada,2016A000011124,Dog and cat food [18111],"Index, 2010=100",184,units ,0,v79309227,1.91,,..,,,1
1956-01,Canada,2016A000011124,Other animal feed [18112],"Index, 2010=100",184,units ,0,v79309228,1.92,,..,,,1
1956-01,Canada,2016A000011124,Complete cattle feed [181121],"Index, 2010=100",184,units ,0,v79309229,1.93,20.6,,,,1
1956-01,Canada,2016A000011124,Complete swine feed [181122],"Index, 2010=100",184,units ,0,v79309230,1.94,,..,,,1
1956-01,Canada,2016A000011124,Chicken and turkey feed [181123],"Index, 2010=100",184,units ,0,v79309231,1.95,,..,,,1
1956-01,Canada,2016A000011124,Other poultry and livestock feeds [181124],"Index, 2010=100",184,units ,0,v79309232,1.96,,..,,,1
1956-01,Canada,2016A000011124,"Feed concentrates and supplements, and complete animal feeds, not elsewhere classified [181125]","Index, 2010=100",184,units ,0,v79309233,1.97,,..,,,1
1956-01,Canada,2016A000011124,Intermediate food products [182],"Index, 2010=100",184,units ,0,v79309234,1.98,,..,,,1
1956-01,Canada,2016A000011124,Margarine and cooking oils [18211],"Index, 2010=100",184,units ,0,v79309235,1.99,,..,,,1
1956-01,Canada,2016A000011124,"Margarine, butter blends, and butter substitutes [182111]","Index, 2010=100",184,units ,0,v79309236,1.1,18.4,,,,1
1956-01,Canada,2016A000011124,Shortening and cooking oils (except corn oil) [182112],"Index, 2010=100",184,units ,0,v79309237,1.101,,..,,,1
1956-01,Canada,2016A000011124,Flour and other grain mill products [18212],"Index, 2010=100",184,units ,0,v79309238,1.102,,..,,,1
1956-01,Canada,2016A000011124,Hard spring wheat flour [182121],"Index, 2010=100",184,units ,0,v79309239,1.103,,..,,,1
1956-01,Canada,2016A000011124,Wheat flour (except hard spring wheat) [182122],"Index, 2010=100",184,units ,0,v79309240,1.104,,..,,,1
1956-01,Canada,2016A000011124,"Non-wheat flour, and other grain mill products [182123]","Index, 2010=100",184,units ,0,v79309241,1.105,,..,,,1
1956-01,Canada,2016A000011124,"Grain and oilseed products, not elsewhere classified [18213]","Index, 2010=100",184,units ,0,v79309242,1.106,,..,,,1
1956-01,Canada,2016A000011124,"Corn oil, corn sweeteners, and wet process corn by-products [182131]","Index, 2010=100",184,units ,0,v79309243,1.107,,..,,,1
1956-01,Canada,2016A000011124,"Soybean oil (crude, once-refined, fuel-grade or industrial) [182132]","Index, 2010=100",184,units ,0,v79309244,1.108,,..,,,1
1956-01,Canada,2016A000011124,"Canola or rapeseed oil (crude, once-refined, fuel-grade or industrial) [182133]","Index, 2010=100",184,units ,0,v79309245,1.109,,..,,,1
1956-01,Canada,2016A000011124,"Other vegetable oils (crude, once-refined, fuel-grade or industrial) [182134]","Index, 2010=100",184,units ,0,v79309246,1.11,,..,,,1
1956-01,Canada,2016A000011124,Oilseed cake and meal [182135],"Index, 2010=100",184,units ,0,v79309247,1.111,,..,,,1
1956-01,Canada,2016A000011124,Starch [182136],"Index, 2010=100",184,units ,0,v79309248,1.112,,..,,,1
1956-01,Canada,2016A000011124,"Malt, and vegetable by-products not elsewhere classified [182137]","Index, 2010=100",184,units ,0,v79309249,1.113,,..,,,1
1956-01,Canada,2016A000011124,Sugar and sugar mill by-products [18214],"Index, 2010=100",184,units ,0,v79309250,1.114,,..,,,1
1956-01,Canada,2016A000011124,Raw sugar and sugar mill by-products [182141],"Index, 2010=100",184,units ,0,v79309251,1.115,,..,,,1
1956-01,Canada,2016A000011124,Refined sugar (except maple sugar) [182142],"Index, 2010=100",184,units ,0,v79309252,1.116,,..,,,1
1956-01,Canada,2016A000011124,Other food products [183],"Index, 2010=100",184,units ,0,v79309253,1.117,,..,,,1
1956-01,Canada,2016A000011124,Breakfast cereal and other cereal products [18311],"Index, 2010=100",184,units ,0,v79309254,1.118,,..,,,1
1956-01,Canada,2016A000011124,"Flour mixes, dough and dry pasta [18312]","Index, 2010=100",184,units ,0,v79309255,1.119,,..,,,1
1956-01,Canada,2016A000011124,"Flour mixes, and refrigerated and frozen doughs, batters and breading [183121]","Index, 2010=100",184,units ,0,v79309256,1.12,,..,,,1
1956-01,Canada,2016A000011124,Dry pasta [183122],"Index, 2010=100",184,units ,0,v79309257,1.121,,..,,,1
1956-01,Canada,2016A000011124,"Bread, rolls and flatbreads [18313]","Index, 2010=100",184,units ,0,v79309258,1.122,7.5,,,,1
1956-01,Canada,2016A000011124,"Cookies, crackers and baked sweet goods [18314]","Index, 2010=100",184,units ,0,v79309259,1.123,,..,,,1
1956-01,Canada,2016A000011124,Cookies and crackers [183141],"Index, 2010=100",184,units ,0,v79309260,1.124,,..,,,1
1956-01,Canada,2016A000011124,Fresh baked desserts [183142],"Index, 2010=100",184,units ,0,v79309261,1.125,,..,,,1
1956-01,Canada,2016A000011124,Frozen baked desserts [183143],"Index, 2010=100",184,units ,0,v79309262,1.126,,..,,,1
1956-01,Canada,2016A000011124,Chocolate (except confectionery) [18321],"Index, 2010=100",184,units ,0,v79309263,1.127,,..,,,1
1956-01,Canada,2016A000011124,Confectionery products [18322],"Index, 2010=100",184,units ,0,v79309264,1.128,,..,,,1
1956-01,Canada,2016A000011124,Chocolate and chocolate-type confectionery products [183221],"Index, 2010=100",184,units ,0,v79309265,1.129,8.3,,,,1
1956-01,Canada,2016A000011124,Non-chocolate confectionery products [183222],"Index, 2010=100",184,units ,0,v79309266,1.13,,..,,,1
1956-01,Canada,2016A000011124,Chewing gum and bubble gum [183223],"Index, 2010=100",184,units ,0,v79309267,1.131,,..,,,1
1956-01,Canada,2016A000011124,Snack food products [18331],"Index, 2010=100",184,units ,0,v79309268,1.132,,..,,,1
1956-01,Canada,2016A000011124,Potato chips [183311],"Index, 2010=100",184,units ,0,v79309269,1.133,,..,,,1
1956-01,Canada,2016A000011124,Nuts and other snack foods (except potato chips) [183312],"Index, 2010=100",184,units ,0,v79309270,1.134,,..,,,1
1956-01,Canada,2016A000011124,Flavouring syrups and extracts [18341],"Index, 2010=100",184,units ,0,v79309271,1.135,,..,,,1
1956-01,Canada,2016A000011124,Liquid beverage bases and soft drink flavouring syrups [183411],"Index, 2010=100",184,units ,0,v79309272,1.136,,..,,,1
1956-01,Canada,2016A000011124,Flavouring syrups and extracts (except for beverages) [183412],"Index, 2010=100",184,units ,0,v79309273,1.137,,..,,,1
1956-01,Canada,2016A000011124,"Vinegar, mayonnaise, non-tomato sauces, salt, spices and sauce mixes [18342]","Index, 2010=100",184,units ,0,v79309274,1.138,,..,,,1
1956-01,Canada,2016A000011124,"Vinegar, mayonnaise, dressings, non-tomato sauces, and spreads [183421]","Index, 2010=100",184,units ,0,v79309275,1.139,,..,,,1
1956-01,Canada,2016A000011124,"Table salt, spices, extracts, and sauce mixes [183422]","Index, 2010=100",184,units ,0,v79309276,1.14,,..,,,1
1956-01,Canada,2016A000011124,"Ketchup, canned tomato sauces, and preserved fruit and vegetables [18351]","Index, 2010=100",184,units ,0,v79309277,1.141,,..,,,1
1956-01,Canada,2016A000011124,"Ketchup, canned tomato based sauces and pastes, pickles and other pickled products [183511]","Index, 2010=100",184,units ,0,v79309278,1.142,,..,,,1
1956-01,Canada,2016A000011124,"Canned preserves, infant foods, and specialty foods [183512]","Index, 2010=100",184,units ,0,v79309279,1.143,,..,,,1
1956-01,Canada,2016A000011124,Canned soups and stews (except seafood) [183513],"Index, 2010=100",184,units ,0,v79309280,1.144,,..,,,1
1956-01,Canada,2016A000011124,Canned vegetables and mushrooms (except infant foods) [183514],"Index, 2010=100",184,units ,0,v79309281,1.145,,..,,,1
1956-01,Canada,2016A000011124,Canned fruit (except infant foods) [183515],"Index, 2010=100",184,units ,0,v79309282,1.146,,..,,,1
1956-01,Canada,2016A000011124,"Dried fruit, vegetables, soup mixes, and bouillon [183516]","Index, 2010=100",184,units ,0,v79309283,1.147,,..,,,1
1956-01,Canada,2016A000011124,"Frozen foods, not elsewhere classified [18352]","Index, 2010=100",184,units ,0,v79309284,1.148,,..,,,1
1956-01,Canada,2016A000011124,Frozen vegetables [183521],"Index, 2010=100",184,units ,0,v79309285,1.149,,..,,,1
1956-01,Canada,2016A000011124,Frozen fruit [183522],"Index, 2010=100",184,units ,0,v79309286,1.15,,..,,,1
1956-01,Canada,2016A000011124,"Frozen dinners and frozen foods, not elsewhere classified [183523]","Index, 2010=100",184,units ,0,v79309287,1.151,,..,,,1
1956-01,Canada,2016A000011124,"Other food products, not elsewhere classified [18361]","Index, 2010=100",184,units ,0,v79309288,1.152,,..,,,1
1956-01,Canada,2016A000011124,Peanut butter [183611],"Index, 2010=100",184,units ,0,v79309289,1.153,,..,,,1
1956-01,Canada,2016A000011124,Perishable prepared food [183612],"Index, 2010=100",184,units ,0,v79309290,1.154,,..,,,1
1956-01,Canada,2016A000011124,"Other miscellaneous food products, not elsewhere classified [183613]","Index, 2010=100",184,units ,0,v79309291,1.155,,..,,,1
1956-01,Canada,2016A000011124,Coffee and tea [191],"Index, 2010=100",184,units ,0,v79309292,1.156,,..,,,1
1956-01,Canada,2016A000011124,Coffee and tea [19111],"Index, 2010=100",184,units ,0,v79309293,1.157,,..,,,1
1956-01,Canada,2016A000011124,"Coffee, prepared for retail sale (except concentrates) [191111]","Index, 2010=100",184,units ,0,v79309294,1.158,21.7,,,,1
1956-01,Canada,2016A000011124,"Concentrated coffee, extracts, and substitutes [191112]","Index, 2010=100",184,units ,0,v79309295,1.159,,..,,,1
1956-01,Canada,2016A000011124,"Tea, prepared for retail sale [191113]","Index, 2010=100",184,units ,0,v79309296,1.16,,..,,,1
1956-01,Canada,2016A000011124,"Fresh, frozen and canned fruit and vegetable juices [192]","Index, 2010=100",184,units ,0,v79309297,1.161,,..,,,1
1956-01,Canada,2016A000011124,"Fresh, frozen and canned fruit and vegetable juices [19211]","Index, 2010=100",184,units ,0,v79309298,1.162,,..,,,1
1956-01,Canada,2016A000011124,Frozen juices and drinks [192111],"Index, 2010=100",184,units ,0,v79309299,1.163,,..,,,1
1956-01,Canada,2016A000011124,Fresh and canned fruit juices [192112],"Index, 2010=100",184,units ,0,v79309300,1.164,,..,,,1
1956-01,Canada,2016A000011124,Fresh and canned vegetable juices [192113],"Index, 2010=100",184,units ,0,v79309301,1.165,,..,,,1
1956-01,Canada,2016A000011124,Beverages (except juices) [P13],"Index, 2010=100",184,units ,0,v79309302,1.166,,..,,,1
1956-01,Canada,2016A000011124,"Bottled water, carbonated soft drinks, other beverages, and ice [193]","Index, 2010=100",184,units ,0,v79309303,1.167,,..,,,1
1956-01,Canada,2016A000011124,"Bottled water, carbonated soft drinks, other beverages, and ice [19311]","Index, 2010=100",184,units ,0,v79309304,1.168,,..,,,1
1956-01,Canada,2016A000011124,Carbonated drinks [193111],"Index, 2010=100",184,units ,0,v79309305,1.169,,..,,,1
1956-01,Canada,2016A000011124,"Non-carbonated drinks (except milk and juice), bottled water and ice [193112]","Index, 2010=100",184,units ,0,v79309306,1.17,,..,,,1
1956-01,Canada,2016A000011124,Alcoholic beverages [211],"Index, 2010=100",184,units ,0,v79309307,1.171,,..,,,1
1956-01,Canada,2016A000011124,Beer [21111],"Index, 2010=100",184,units ,0,v79309308,1.172,,..,,,1
1956-01,Canada,2016A000011124,Wine and brandy [21112],"Index, 2010=100",184,units ,0,v79309309,1.173,,..,,,1
1956-01,Canada,2016A000011124,Wine [211121],"Index, 2010=100",184,units ,0,v79309310,1.174,,..,,,1
1956-01,Canada,2016A000011124,Brandy and cider [211122],"Index, 2010=100",184,units ,0,v79309311,1.175,,..,,,1
1956-01,Canada,2016A000011124,Distilled liquor [21113],"Index, 2010=100",184,units ,0,v79309312,1.176,,..,,,1
1956-01,Canada,2016A000011124,Whisky [211131],"Index, 2010=100",184,units ,0,v79309313,1.177,,..,,,1
1956-01,Canada,2016A000011124,"Whisky, domestic [211131]","Index, 2010=100",184,units ,0,v79309314,1.178,,..,,,1
1956-01,Canada,2016A000011124,"Whisky, export [211131]","Index, 2010=100",184,units ,0,v79309315,1.179,,..,,,1
1956-01,Canada,2016A000011124,"Distilled liquor (except whisky, brandy and cider) [211132]","Index, 2010=100",184,units ,0,v79309316,1.18,,..,,,1
1956-01,Canada,2016A000011124,"Distilled liquor (except whisky, brandy and cider), domestic [211132]","Index, 2010=100",184,units ,0,v79309317,1.181,,..,,,1
1956-01,Canada,2016A000011124,"Distilled liquor (except whisky, brandy and cider), export [211132]","Index, 2010=100",184,units ,0,v79309318,1.182,,..,,,1
1956-01,Canada,2016A000011124,Tobacco products [P14],"Index, 2010=100",184,units ,0,v79309319,1.183,,..,,,1
1956-01,Canada,2016A000011124,Tobacco products [212],"Index, 2010=100",184,units ,0,v79309320,1.184,,..,,,1
1956-01,Canada,2016A000011124,"Cigarettes, cigars, chewing and smoking tobacco [21211]","Index, 2010=100",184,units ,0,v79309321,1.185,,..,,,1
1956-01,Canada,2016A000011124,Cigarettes [212111],"Index, 2010=100",184,units ,0,v79309322,1.186,5,,,,1
1956-01,Canada,2016A000011124,"Cigars, chewing and smoking tobacco [212112]","Index, 2010=100",184,units ,0,v79309323,1.187,,..,,,1
1956-01,Canada,2016A000011124,"Stemmed, redried or reconstituted tobacco [21212]","Index, 2010=100",184,units ,0,v79309324,1.188,,..,,,1
1956-01,Canada,2016A000011124,Textile and leather products [P21],"Index, 2010=100",184,units ,0,v79309325,1.189,,..,,,1
1956-01,Canada,2016A000011124,"Fabric, fibre and yarn, and leather and dressed furs [221]","Index, 2010=100",184,units ,0,v79309326,1.19,,..,,,1
1956-01,Canada,2016A000011124,Fabrics [22111],"Index, 2010=100",184,units ,0,v79309327,1.191,,..,,,1
1956-01,Canada,2016A000011124,Broad woven fabrics of cotton or wool [221111],"Index, 2010=100",184,units ,0,v79309328,1.192,,..,,,1
1956-01,Canada,2016A000011124,Broad woven fabrics (except cotton or wool) [221112],"Index, 2010=100",184,units ,0,v79309329,1.193,,..,,,1
1956-01,Canada,2016A000011124,Circular knit fabrics [221113],"Index, 2010=100",184,units ,0,v79309330,1.194,,..,,,1
1956-01,Canada,2016A000011124,Knit fabrics (except circular knit) [221114],"Index, 2010=100",184,units ,0,v79309331,1.195,,..,,,1
1956-01,Canada,2016A000011124,Narrow fabrics [221115],"Index, 2010=100",184,units ,0,v79309332,1.196,,..,,,1
1956-01,Canada,2016A000011124,Coated fabrics and coated yarns [221116],"Index, 2010=100",184,units ,0,v79309333,1.197,,..,,,1
1956-01,Canada,2016A000011124,Nonwoven fabrics and products [221117],"Index, 2010=100",184,units ,0,v79309334,1.198,,..,,,1
1956-01,Canada,2016A000011124,"Fibre, yarn, and thread (except artificial and synthetic fibre and filament) [22112]","Index, 2010=100",184,units ,0,v79309335,1.199,,..,,,1
1956-01,Canada,2016A000011124,"Fibre and yarn (except thread, filament yarn and coated yarn) [221121]","Index, 2010=100",184,units ,0,v79309336,1.2,,..,,,1
1956-01,Canada,2016A000011124,Thread (except covered rubber thread) [221122],"Index, 2010=100",184,units ,0,v79309337,1.201,,..,,,1
1956-01,Canada,2016A000011124,Leather and dressed furs [22113],"Index, 2010=100",184,units ,0,v79309338,1.202,,..,,,1
1956-01,Canada,2016A000011124,"Carpets, textile furnishings and other textile products [232]","Index, 2010=100",184,units ,0,v79309339,1.203,,..,,,1
1956-01,Canada,2016A000011124,"Carpets, rugs and mats [23211]","Index, 2010=100",184,units ,0,v79309340,1.204,,..,,,1
1956-01,Canada,2016A000011124,Other textile furnishings [23212],"Index, 2010=100",184,units ,0,v79309341,1.205,,..,,,1
1956-01,Canada,2016A000011124,Bed linens [232121],"Index, 2010=100",184,units ,0,v79309342,1.206,,..,,,1
1956-01,Canada,2016A000011124,Other miscellaneous textile furnishings [232122],"Index, 2010=100",184,units ,0,v79309343,1.207,,..,,,1
1956-01,Canada,2016A000011124,"Textile products, not elsewhere classified [23213]","Index, 2010=100",184,units ,0,v79309344,1.208,,..,,,1
1956-01,Canada,2016A000011124,Tire cord and tire fabric [232131],"Index, 2010=100",184,units ,0,v79309345,1.209,,..,,,1
1956-01,Canada,2016A000011124,"Rope, cordage and twine [232132]","Index, 2010=100",184,units ,0,v79309346,1.21,,..,,,1
1956-01,Canada,2016A000011124,Canvas products and similar articles [232133],"Index, 2010=100",184,units ,0,v79309347,1.211,,..,,,1
1956-01,Canada,2016A000011124,"Other textile products, not elsewhere classified [232134]","Index, 2010=100",184,units ,0,v79309348,1.212,,..,,,1
1956-01,Canada,2016A000011124,"Clothing, footwear and accessories [P22]","Index, 2010=100",184,units ,0,v79309349,1.213,,..,,,1
1956-01,Canada,2016A000011124,"Clothing, footwear and accessories [231]","Index, 2010=100",184,units ,0,v79309350,1.214,,..,,,1
1956-01,Canada,2016A000011124,Men's clothing [23111],"Index, 2010=100",184,units ,0,v79309351,1.215,,..,,,1
1956-01,Canada,2016A000011124,Men's underwear and sleepwear [231111],"Index, 2010=100",184,units ,0,v79309352,1.216,,..,,,1
1956-01,Canada,2016A000011124,"Men's suits, sport jackets and blazers [231112]","Index, 2010=100",184,units ,0,v79309353,1.217,12.8,,,,1
1956-01,Canada,2016A000011124,Men's shirts [231113],"Index, 2010=100",184,units ,0,v79309354,1.218,,..,,,1
1956-01,Canada,2016A000011124,Men's pants (except jeans) [231114],"Index, 2010=100",184,units ,0,v79309355,1.219,,..,,,1
1956-01,Canada,2016A000011124,Men's jeans [231115],"Index, 2010=100",184,units ,0,v79309356,1.22,,..,,,1
1956-01,Canada,2016A000011124,Men's fur and leather clothing [231116],"Index, 2010=100",184,units ,0,v79309357,1.221,,..,,,1
1956-01,Canada,2016A000011124,Men's outerwear coats and jackets [231117],"Index, 2010=100",184,units ,0,v79309358,1.222,,..,,,1
1956-01,Canada,2016A000011124,"Men's sweaters and clothing, not elsewhere classified [231118]","Index, 2010=100",184,units ,0,v79309359,1.223,,..,,,1
1956-01,Canada,2016A000011124,Women's clothing [23112],"Index, 2010=100",184,units ,0,v79309360,1.224,,..,,,1
1956-01,Canada,2016A000011124,"Women's lingerie, sleepwear and underwear [231121]","Index, 2010=100",184,units ,0,v79309361,1.225,,..,,,1
1956-01,Canada,2016A000011124,Women's swimwear [231122],"Index, 2010=100",184,units ,0,v79309362,1.226,,..,,,1
1956-01,Canada,2016A000011124,Women's suits and jackets [231123],"Index, 2010=100",184,units ,0,v79309363,1.227,,..,,,1
1956-01,Canada,2016A000011124,Women's pants and jeans [231124],"Index, 2010=100",184,units ,0,v79309364,1.228,,..,,,1
1956-01,Canada,2016A000011124,Women's skirts and dresses [231125],"Index, 2010=100",184,units ,0,v79309365,1.229,,..,,,1
1956-01,Canada,2016A000011124,Women's shirts and blouses [231126],"Index, 2010=100",184,units ,0,v79309366,1.23,,..,,,1
1956-01,Canada,2016A000011124,Women's and children's fur and leather clothing [231127],"Index, 2010=100",184,units ,0,v79309367,1.231,,..,,,1
1956-01,Canada,2016A000011124,"Women's sweaters, outerwear coats, jackets, and clothing not elsewhere classified [231128]","Index, 2010=100",184,units ,0,v79309368,1.232,,..,,,1
1956-01,Canada,2016A000011124,Hosiery [231129],"Index, 2010=100",184,units ,0,v79309369,1.233,,..,,,1
1956-01,Canada,2016A000011124,Children's clothing [23113],"Index, 2010=100",184,units ,0,v79309370,1.234,,..,,,1
1956-01,Canada,2016A000011124,Infant and baby clothing [231131],"Index, 2010=100",184,units ,0,v79309371,1.235,,..,,,1
1956-01,Canada,2016A000011124,Clothing accessories [23114],"Index, 2010=100",184,units ,0,v79309374,1.238,,..,,,1
1956-01,Canada,2016A000011124,Belts [231141],"Index, 2010=100",184,units ,0,v79309375,1.239,,..,,,1
1956-01,Canada,2016A000011124,Gloves and mittens [231142],"Index, 2010=100",184,units ,0,v79309376,1.24,,..,,,1
1956-01,Canada,2016A000011124,Other clothing accessories and textile clothing components [231143],"Index, 2010=100",184,units ,0,v79309377,1.241,,..,,,1
1956-01,Canada,2016A000011124,Footwear [23121],"Index, 2010=100",184,units ,0,v79309378,1.242,,..,,,1
1956-01,Canada,2016A000011124,Men's non-athletic footwear [231211],"Index, 2010=100",184,units ,0,v79309379,1.243,,..,,,1
1956-01,Canada,2016A000011124,Women's non-athletic footwear [231212],"Index, 2010=100",184,units ,0,v79309380,1.244,,..,,,1
1956-01,Canada,2016A000011124,"Protective footwear, of rubber or plastics [231213]","Index, 2010=100",184,units ,0,v79309381,1.245,,..,,,1
1956-01,Canada,2016A000011124,Other footwear [231214],"Index, 2010=100",184,units ,0,v79309382,1.246,,..,,,1
1956-01,Canada,2016A000011124,"Suitcases, handbags, and other leather and allied products [23131]","Index, 2010=100",184,units ,0,v79309383,1.247,,..,,,1
1956-01,Canada,2016A000011124,Suitcases and handbags [231311],"Index, 2010=100",184,units ,0,v79309384,1.248,,..,,,1
1956-01,Canada,2016A000011124,Other leather and allied products [231312],"Index, 2010=100",184,units ,0,v79309385,1.249,,..,,,1
1956-01,Canada,2016A000011124,Chemicals and chemical products [P31],"Index, 2010=100",184,units ,0,v79309386,1.25,,..,,,1
1956-01,Canada,2016A000011124,"Dyes and pigments, and petrochemicals [263]","Index, 2010=100",184,units ,0,v79309387,1.251,,..,,,1
1956-01,Canada,2016A000011124,Dyes and pigments [26311],"Index, 2010=100",184,units ,0,v79309388,1.252,,..,,,1
1956-01,Canada,2016A000011124,Petrochemicals [26321],"Index, 2010=100",184,units ,0,v79309389,1.253,,..,,,1
1956-01,Canada,2016A000011124,Ethylene [263211],"Index, 2010=100",184,units ,0,v79309390,1.254,,..,,,1
1956-01,Canada,2016A000011124,Aromatic hydrocarbon gases [263212],"Index, 2010=100",184,units ,0,v79309391,1.255,,..,,,1
1956-01,Canada,2016A000011124,"Liquefied refinery gases, and acyclic hydrocarbons not elsewhere classified [263213]","Index, 2010=100",184,units ,0,v79309392,1.256,,..,,,1
1956-01,Canada,2016A000011124,"Cycloterpenes, cyclanes and cyclenes, and cyclic hydrocarbons not elsewhere classified [263214]","Index, 2010=100",184,units ,0,v79309393,1.257,,..,,,1
1956-01,Canada,2016A000011124,Basic chemicals [271],"Index, 2010=100",184,units ,0,v79309394,1.258,,..,,,1
1956-01,Canada,2016A000011124,Industrial gases [27111],"Index, 2010=100",184,units ,0,v79309395,1.259,,..,,,1
1956-01,Canada,2016A000011124,Oxygen [271111],"Index, 2010=100",184,units ,0,v79309396,1.26,,..,,,1
1956-01,Canada,2016A000011124,Nitrogen [271112],"Index, 2010=100",184,units ,0,v79309397,1.261,,..,,,1
1956-01,Canada,2016A000011124,Carbon dioxide [271113],"Index, 2010=100",184,units ,0,v79309398,1.262,,..,,,1
1956-01,Canada,2016A000011124,Acetylene [271114],"Index, 2010=100",184,units ,0,v79309399,1.263,,..,,,1
1956-01,Canada,2016A000011124,"Industrial gases, not elsewhere classified [271115]","Index, 2010=100",184,units ,0,v79309400,1.264,,..,,,1
1956-01,Canada,2016A000011124,Other basic inorganic chemicals [27112],"Index, 2010=100",184,units ,0,v79309401,1.265,,..,,,1
1956-01,Canada,2016A000011124,Sulphuric acid [271121],"Index, 2010=100",184,units ,0,v79309402,1.266,,..,,,1
1956-01,Canada,2016A000011124,Chlorine [271122],"Index, 2010=100",184,units ,0,v79309403,1.267,,..,,,1
1956-01,Canada,2016A000011124,Sodium hydroxide (caustic soda) [271123],"Index, 2010=100",184,units ,0,v79309404,1.268,,..,,,1
1956-01,Canada,2016A000011124,"Inorganic potassium and sodium compounds (except alkalies, alums, and bleaches) [271124]","Index, 2010=100",184,units ,0,v79309405,1.269,,..,,,1
1956-01,Canada,2016A000011124,Carbon black [271125],"Index, 2010=100",184,units ,0,v79309406,1.27,,..,,,1
1956-01,Canada,2016A000011124,Chemical catalytic preparations [271126],"Index, 2010=100",184,units ,0,v79309407,1.271,,..,,,1
1956-01,Canada,2016A000011124,"Other basic inorganic chemicals, not elsewhere classified [271128]","Index, 2010=100",184,units ,0,v79309409,1.273,,..,,,1
1956-01,Canada,2016A000011124,"Basic organic chemicals, not elsewhere classified [27113]","Index, 2010=100",184,units ,0,v79309410,1.274,,..,,,1
1956-01,Canada,2016A000011124,"Fertilizers, pesticides and other chemical products [272]","Index, 2010=100",184,units ,0,v79309411,1.275,,..,,,1
1956-01,Canada,2016A000011124,Ammonia and chemical fertilizers [27211],"Index, 2010=100",184,units ,0,v79309412,1.276,,..,,,1
1956-01,Canada,2016A000011124,Urea [272111],"Index, 2010=100",184,units ,0,v79309413,1.277,,..,,,1
1956-01,Canada,2016A000011124,Organic and nitrogenous fertilizer materials [272112],"Index, 2010=100",184,units ,0,v79309414,1.278,,..,,,1
1956-01,Canada,2016A000011124,"Phosphoric acid, and phosphatic fertilizer materials [272113]","Index, 2010=100",184,units ,0,v79309415,1.279,,..,,,1
1956-01,Canada,2016A000011124,Mixed fertilizers [272114],"Index, 2010=100",184,units ,0,v79309416,1.28,,..,,,1
1956-01,Canada,2016A000011124,Pesticides and other agricultural chemicals [27212],"Index, 2010=100",184,units ,0,v79309417,1.281,,..,,,1
1956-01,Canada,2016A000011124,"Chemical products, not elsewhere classified [27213]","Index, 2010=100",184,units ,0,v79309418,1.282,,..,,,1
1956-01,Canada,2016A000011124,"Automotive fluids, cleaners, polishes and additives [272131]","Index, 2010=100",184,units ,0,v79309419,1.283,,..,,,1
1956-01,Canada,2016A000011124,"Printing, writing and stamping inks [272132]","Index, 2010=100",184,units ,0,v79309420,1.284,,..,,,1
1956-01,Canada,2016A000011124,"Explosives, propellants and blasting accessories [272133]","Index, 2010=100",184,units ,0,v79309421,1.285,,..,,,1
1956-01,Canada,2016A000011124,Water treatment compounds [272134],"Index, 2010=100",184,units ,0,v79309422,1.286,,..,,,1
1956-01,Canada,2016A000011124,"Toner, photographic chemicals and photographic film [272135]","Index, 2010=100",184,units ,0,v79309423,1.287,,..,,,1
1956-01,Canada,2016A000011124,Other chemical products [272136],"Index, 2010=100",184,units ,0,v79309424,1.288,,..,,,1
1956-01,Canada,2016A000011124,Pharmaceutical and medicinal products [273],"Index, 2010=100",184,units ,0,v79309425,1.289,,..,,,1
1956-01,Canada,2016A000011124,Pharmaceutical and medicinal products [27311],"Index, 2010=100",184,units ,0,v79309426,1.29,,..,,,1
1956-01,Canada,2016A000011124,"Medicinal chemicals and vitamins, in bulk [273111]","Index, 2010=100",184,units ,0,v79309427,1.291,,..,,,1
1956-01,Canada,2016A000011124,"Pharmaceutical preparations, for the human central nervous system and the sense organs [273112]","Index, 2010=100",184,units ,0,v79309428,1.292,,..,,,1
1956-01,Canada,2016A000011124,"Pharmaceutical preparations, for the human cardiovascular and respiratory systems [273113]","Index, 2010=100",184,units ,0,v79309429,1.293,,..,,,1
1956-01,Canada,2016A000011124,"Pharmaceutical preparations, for the human digestive and genito-urinary systems [273114]","Index, 2010=100",184,units ,0,v79309430,1.294,,..,,,1
1956-01,Canada,2016A000011124,"Pharmaceutical preparations affecting the human endocrine system, tumors and metabolic diseases [273115]","Index, 2010=100",184,units ,0,v79309431,1.295,,..,,,1
1956-01,Canada,2016A000011124,Pharmaceutical preparations affecting parasitic and infective diseases in human beings [273116],"Index, 2010=100",184,units ,0,v79309432,1.296,,..,,,1
1956-01,Canada,2016A000011124,Other pharmaceutical preparations for human use [273117],"Index, 2010=100",184,units ,0,v79309433,1.297,,..,,,1
1956-01,Canada,2016A000011124,Veterinary pharmaceutical preparations [273118],"Index, 2010=100",184,units ,0,v79309434,1.298,,..,,,1
1956-01,Canada,2016A000011124,"Diagnostic substances, blood derivatives, and other biological products [273119]","Index, 2010=100",184,units ,0,v79309435,1.299,,..,,,1
1956-01,Canada,2016A000011124,Cleaning products and toiletries [274],"Index, 2010=100",184,units ,0,v79309436,1.3,,..,,,1
1956-01,Canada,2016A000011124,Soaps and cleaning compounds [27411],"Index, 2010=100",184,units ,0,v79309437,1.301,,..,,,1
1956-01,Canada,2016A000011124,"Household laundry soaps, detergents and bleaches [274111]","Index, 2010=100",184,units ,0,v79309438,1.302,,..,,,1
1956-01,Canada,2016A000011124,Specialty cleaners and polishes [274112],"Index, 2010=100",184,units ,0,v79309439,1.303,,..,,,1
1956-01,Canada,2016A000011124,"Commercial, industrial, and institutional cleaning products [274113]","Index, 2010=100",184,units ,0,v79309440,1.304,,..,,,1
1956-01,Canada,2016A000011124,"Surfactants, finishing agents and assistants [274114]","Index, 2010=100",184,units ,0,v79309441,1.305,,..,,,1
1956-01,Canada,2016A000011124,"Bath, facial, and hand soaps [274115]","Index, 2010=100",184,units ,0,v79309442,1.306,,..,,,1
1956-01,Canada,2016A000011124,Oral hygiene products [274116],"Index, 2010=100",184,units ,0,v79309443,1.307,,..,,,1
1956-01,Canada,2016A000011124,Perfumes and toiletries [27412],"Index, 2010=100",184,units ,0,v79309444,1.308,,..,,,1
1956-01,Canada,2016A000011124,Hair care products [274121],"Index, 2010=100",184,units ,0,v79309445,1.309,,..,,,1
1956-01,Canada,2016A000011124,"Personal creams, lotions and oils [274122]","Index, 2010=100",184,units ,0,v79309446,1.31,,..,,,1
1956-01,Canada,2016A000011124,Perfumes and colognes [274123],"Index, 2010=100",184,units ,0,v79309447,1.311,,..,,,1
1956-01,Canada,2016A000011124,"Cosmetics and toiletries, not elsewhere classified [274124]","Index, 2010=100",184,units ,0,v79309448,1.312,,..,,,1
1956-01,Canada,2016A000011124,Plastic resins [281],"Index, 2010=100",184,units ,0,v79309449,1.313,,..,,,1
1956-01,Canada,2016A000011124,Plastic resins [28111],"Index, 2010=100",184,units ,0,v79309450,1.314,,..,,,1
1956-01,Canada,2016A000011124,Polyester resins [281111],"Index, 2010=100",184,units ,0,v79309451,1.315,,..,,,1
1956-01,Canada,2016A000011124,Polyethylene resins [281112],"Index, 2010=100",184,units ,0,v79309452,1.316,,..,,,1
1956-01,Canada,2016A000011124,Polystyrene resins [281113],"Index, 2010=100",184,units ,0,v79309453,1.317,,..,,,1
1956-01,Canada,2016A000011124,Other thermoplastics resins [281114],"Index, 2010=100",184,units ,0,v79309454,1.318,,..,,,1
1956-01,Canada,2016A000011124,Phenol-formaldehyde resins [281115],"Index, 2010=100",184,units ,0,v79309455,1.319,,..,,,1
1956-01,Canada,2016A000011124,Other thermosetting resins [281116],"Index, 2010=100",184,units ,0,v79309456,1.32,,..,,,1
1956-01,Canada,2016A000011124,"Paints, coatings and adhesive products [463]","Index, 2010=100",184,units ,0,v79309457,1.321,,..,,,1
1956-01,Canada,2016A000011124,"Paints, coatings and adhesive products [46311]","Index, 2010=100",184,units ,0,v79309458,1.322,,..,,,1
1956-01,Canada,2016A000011124,Paints and coatings for construction and renovation [463111],"Index, 2010=100",184,units ,0,v79309459,1.323,,..,,,1
1956-01,Canada,2016A000011124,Other paints and coatings [463112],"Index, 2010=100",184,units ,0,v79309460,1.324,,..,,,1
1956-01,Canada,2016A000011124,"Paint removers and thinners, and glazing compounds [463113]","Index, 2010=100",184,units ,0,v79309461,1.325,,..,,,1
1956-01,Canada,2016A000011124,Caulks and sealants [463114],"Index, 2010=100",184,units ,0,v79309462,1.326,,..,,,1
1956-01,Canada,2016A000011124,Adhesives [463115],"Index, 2010=100",184,units ,0,v79309463,1.327,,..,,,1
1956-01,Canada,2016A000011124,Plastic and rubber products [P32],"Index, 2010=100",184,units ,0,v79309464,1.328,,..,,,1
1956-01,Canada,2016A000011124,Waste and scrap of plastic and rubber [158],"Index, 2010=100",184,units ,0,v79309465,1.329,,..,,,1
1956-01,Canada,2016A000011124,Waste and scrap of plastic and rubber [15811],"Index, 2010=100",184,units ,0,v79309466,1.33,,..,,,1
1956-01,Canada,2016A000011124,Plastic and rubber basic products not for packaging use (except plastic resins and natural rubber),"Index, 2010=100",184,units ,0,v79309467,1.331,,..,,,1
1956-01,Canada,2016A000011124,"Synthetic rubber, and rubber compounds and mixtures","Index, 2010=100",184,units ,0,v79309468,1.332,,..,,,1
1956-01,Canada,2016A000011124,Synthetic rubber [282112],"Index, 2010=100",184,units ,0,v79309469,1.333,,..,,,1
1956-01,Canada,2016A000011124,Rubber compounds and mixtures [282113],"Index, 2010=100",184,units ,0,v79309470,1.334,,..,,,1
1956-01,Canada,2016A000011124,Artificial and synthetic fibres and filaments [28221],"Index, 2010=100",184,units ,0,v79309471,1.335,,..,,,1
1956-01,Canada,2016A000011124,Artificial and synthetic staple fibres [282211],"Index, 2010=100",184,units ,0,v79309472,1.336,,..,,,1
1956-01,Canada,2016A000011124,Artificial and synthetic filament yarns [282212],"Index, 2010=100",184,units ,0,v79309473,1.337,,..,,,1
1956-01,Canada,2016A000011124,Plastic film and non-rigid sheets not for packaging use [28231],"Index, 2010=100",184,units ,0,v79309474,1.338,,..,,,1
1956-01,Canada,2016A000011124,"Plastic film and sheets not for packaging use, of polyethylene only [282311]","Index, 2010=100",184,units ,0,v79309475,1.339,,..,,,1
1956-01,Canada,2016A000011124,Plastic film and sheets not for packaging use (except polyethylene) [282312],"Index, 2010=100",184,units ,0,v79309476,1.34,,..,,,1
1956-01,Canada,2016A000011124,Plastic profile shapes [28232],"Index, 2010=100",184,units ,0,v79309477,1.341,,..,,,1
1956-01,Canada,2016A000011124,Laminated plastic profile shapes [282321],"Index, 2010=100",184,units ,0,v79309478,1.342,,..,,,1
1956-01,Canada,2016A000011124,Unlaminated plastic profile shapes [282322],"Index, 2010=100",184,units ,0,v79309479,1.343,,..,,,1
1956-01,Canada,2016A000011124,Tires [283],"Index, 2010=100",184,units ,0,v79309480,1.344,,..,,,1
1956-01,Canada,2016A000011124,Tires [28311],"Index, 2010=100",184,units ,0,v79309481,1.345,,..,,,1
1956-01,Canada,2016A000011124,Pneumatic tires for passenger cars and similar vehicles [283111],"Index, 2010=100",184,units ,0,v79309482,1.346,,..,,,1
1956-01,Canada,2016A000011124,Pneumatic tires for buses and trucks [283112],"Index, 2010=100",184,units ,0,v79309483,1.347,,..,,,1
1956-01,Canada,2016A000011124,"Other pneumatic, semi-pneumatic and solid rubber tires, and retreaded tires and tire repair materials [283113]","Index, 2010=100",184,units ,0,v79309484,1.348,,..,,,1
1956-01,Canada,2016A000011124,Plastic and rubber finished products [284],"Index, 2010=100",184,units ,0,v79309485,1.349,,..,,,1
1956-01,Canada,2016A000011124,Rubber and plastic hose and belts [28411],"Index, 2010=100",184,units ,0,v79309486,1.35,,..,,,1
1956-01,Canada,2016A000011124,Rubber and plastic transmission belts and belting [284111],"Index, 2010=100",184,units ,0,v79309487,1.351,,..,,,1
1956-01,Canada,2016A000011124,"Rubber and flexible plastic pipes, tubes and hoses [284112]","Index, 2010=100",184,units ,0,v79309488,1.352,,..,,,1
1956-01,Canada,2016A000011124,"Plastic products (except for packaging and construction), not elsewhere classified [28412]","Index, 2010=100",184,units ,0,v79309489,1.353,,..,,,1
1956-01,Canada,2016A000011124,"Plastic dinnerware, tableware, kitchenware and ovenware (including microwave-ware) [284121]","Index, 2010=100",184,units ,0,v79309490,1.354,,..,,,1
1956-01,Canada,2016A000011124,"Other consumer, institutional and commercial plastic products [284122]","Index, 2010=100",184,units ,0,v79309491,1.355,,..,,,1
1956-01,Canada,2016A000011124,"Plastic parts and components, not elsewhere classified [284123]","Index, 2010=100",184,units ,0,v79309492,1.356,,..,,,1
1956-01,Canada,2016A000011124,"Rubber products, not elsewhere classified [28413]","Index, 2010=100",184,units ,0,v79309493,1.357,,..,,,1
1956-01,Canada,2016A000011124,"Rubber sponge, expanded rubber and foam rubber products [284131]","Index, 2010=100",184,units ,0,v79309494,1.358,,..,,,1
1956-01,Canada,2016A000011124,Rubber mechanical goods [284132],"Index, 2010=100",184,units ,0,v79309495,1.359,,..,,,1
1956-01,Canada,2016A000011124,"Other rubber products, not elsewhere classified [284133]","Index, 2010=100",184,units ,0,v79309496,1.36,,..,,,1
1956-01,Canada,2016A000011124,"Foam products (except for packaging and construction), not elsewhere classified [28414]","Index, 2010=100",184,units ,0,v79309497,1.361,,..,,,1
1956-01,Canada,2016A000011124,"Plastic foam shapes of polystyrene or polyurethane, for transportation [284141]","Index, 2010=100",184,units ,0,v79309498,1.362,,..,,,1
1956-01,Canada,2016A000011124,"Plastic foam shapes of polystyrene or polyurethane, for furniture and other products not elsewhere classified [284142]","Index, 2010=100",184,units ,0,v79309499,1.363,,..,,,1
1956-01,Canada,2016A000011124,Consumer and commercial foam products of polystyrene or polyurethane (including dinnerware and tableware) [284143],"Index, 2010=100",184,units ,0,v79309500,1.364,,..,,,1
1956-01,Canada,2016A000011124,Other foam products [284144],"Index, 2010=100",184,units ,0,v79309501,1.365,,..,,,1
1956-01,Canada,2016A000011124,Plastic and foam building and construction materials [464],"Index, 2010=100",184,units ,0,v79309502,1.366,,..,,,1
1956-01,Canada,2016A000011124,Plastic and foam building and construction materials [46411],"Index, 2010=100",184,units ,0,v79309503,1.367,,..,,,1
1956-01,Canada,2016A000011124,Polyethylene plastic pipes and tubes (except flexible) [464111],"Index, 2010=100",184,units ,0,v79309504,1.368,,..,,,1
1956-01,Canada,2016A000011124,Plastic pipes and tubes (except flexible and polyethylene) [464112],"Index, 2010=100",184,units ,0,v79309505,1.369,,..,,,1
1956-01,Canada,2016A000011124,Plastic pipe fittings and unions [464113],"Index, 2010=100",184,units ,0,v79309506,1.37,,..,,,1
1956-01,Canada,2016A000011124,Plastic plumbing fixtures [464114],"Index, 2010=100",184,units ,0,v79309507,1.371,,..,,,1
1956-01,Canada,2016A000011124,Resilient floor coverings [464115],"Index, 2010=100",184,units ,0,v79309508,1.372,,..,,,1
1956-01,Canada,2016A000011124,Other polystyrene foam products for building and construction [464116],"Index, 2010=100",184,units ,0,v79309509,1.373,,..,,,1
1956-01,Canada,2016A000011124,Other polyurethane foam products for building and construction [464117],"Index, 2010=100",184,units ,0,v79309510,1.374,,..,,,1
1956-01,Canada,2016A000011124,Other plastic products for building and construction [464119],"Index, 2010=100",184,units ,0,v79309512,1.376,,..,,,1
1956-01,Canada,2016A000011124,Lumber and other wood products [P41],"Index, 2010=100",184,units ,0,v79309513,1.377,,..,,,1
1956-01,Canada,2016A000011124,"Waste and scrap of wood, wood by-products, paper and paperboard [157]","Index, 2010=100",184,units ,0,v79309514,1.378,,..,,,1
1956-01,Canada,2016A000011124,Waste and scrap of wood and wood by-products [15711],"Index, 2010=100",184,units ,0,v79309515,1.379,,..,,,1
1956-01,Canada,2016A000011124,Wood sawdust and shavings [157111],"Index, 2010=100",184,units ,0,v79309516,1.38,,..,,,1
1956-01,Canada,2016A000011124,Waste and scrap of wood [157112],"Index, 2010=100",184,units ,0,v79309517,1.381,,..,,,1
1956-01,Canada,2016A000011124,Waste and scrap of paper and paperboard [15712],"Index, 2010=100",184,units ,0,v79309518,1.382,,..,,,1
1956-01,Canada,2016A000011124,Lumber and other sawmill products [241],"Index, 2010=100",184,units ,0,v79309519,1.383,,..,,,1
1956-01,Canada,2016A000011124,Hardwood lumber (except tongue and groove and other edge worked lumber) [24111],"Index, 2010=100",184,units ,0,v79309520,1.384,,..,,,1
1956-01,Canada,2016A000011124,"Hardwood lumber (except tongue and groove and other edge worked lumber), domestic [241111]","Index, 2010=100",184,units ,0,v79309521,1.385,,..,,,1
1956-01,Canada,2016A000011124,"Hardwood lumber (except tongue and groove and other edge worked lumber), export [241111]","Index, 2010=100",184,units ,0,v79309522,1.386,,..,,,1
1956-01,Canada,2016A000011124,Softwood lumber (except tongue and groove and other edge worked lumber) [24112],"Index, 2010=100",184,units ,0,v79309523,1.387,19.8,,,,1
1956-01,Canada,2016A000011124,Softwood lumber of spruce-pine-fir (except tongue and groove and other edge worked lumber) [241121],"Index, 2010=100",184,units ,0,v79309524,1.388,,..,,,1
1956-01,Canada,2016A000011124,Softwood lumber of hemlock-fir (except tongue and groove and other edge worked lumber) [241122],"Index, 2010=100",184,units ,0,v79309525,1.389,,..,,,1
1956-01,Canada,2016A000011124,Softwood lumber of Douglas fir and Western larch (except tongue and groove and other edge worked lumber) [241123],"Index, 2010=100",184,units ,0,v79309526,1.39,,..,,,1
1956-01,Canada,2016A000011124,Softwood lumber of Western red cedar (except tongue and groove and other edge worked lumber) [241124],"Index, 2010=100",184,units ,0,v79309527,1.391,,..,,,1
1956-01,Canada,2016A000011124,Engineered wood members and trusses [24121],"Index, 2010=100",184,units ,0,v79309529,1.393,,..,,,1
1956-01,Canada,2016A000011124,Wood trusses [241211],"Index, 2010=100",184,units ,0,v79309530,1.394,,..,,,1
1956-01,Canada,2016A000011124,Engineered structural wood members (except trusses) [241212],"Index, 2010=100",184,units ,0,v79309531,1.395,,..,,,1
1956-01,Canada,2016A000011124,Reconstituted wood products [24122],"Index, 2010=100",184,units ,0,v79309532,1.396,,..,,,1
1956-01,Canada,2016A000011124,"Waferboard, particle board and medium density fibreboard (MDF) [241221]","Index, 2010=100",184,units ,0,v79309533,1.397,,..,,,1
1956-01,Canada,2016A000011124,Other fibreboard [241222],"Index, 2010=100",184,units ,0,v79309534,1.398,,..,,,1
1956-01,Canada,2016A000011124,Veneer and plywood [24123],"Index, 2010=100",184,units ,0,v79309535,1.399,,..,,,1
1956-01,Canada,2016A000011124,Hardwood veneer [241231],"Index, 2010=100",184,units ,0,v79309536,1.4,,..,,,1
1956-01,Canada,2016A000011124,"Hardwood veneer, domestic [241231]","Index, 2010=100",184,units ,0,v79309537,1.401,,..,,,1
1956-01,Canada,2016A000011124,"Hardwood veneer, export [241231]","Index, 2010=100",184,units ,0,v79309538,1.402,,..,,,1
1956-01,Canada,2016A000011124,Softwood veneer [241232],"Index, 2010=100",184,units ,0,v79309539,1.403,,..,,,1
1956-01,Canada,2016A000011124,Birch plywood and plywood products [241233],"Index, 2010=100",184,units ,0,v79309540,1.404,,..,,,1
1956-01,Canada,2016A000011124,Other hardwood plywood and plywood products [241234],"Index, 2010=100",184,units ,0,v79309541,1.405,,..,,,1
1956-01,Canada,2016A000011124,Douglas fir plywood and plywood products [241235],"Index, 2010=100",184,units ,0,v79309542,1.406,,..,,,1
1956-01,Canada,2016A000011124,Other softwood plywood and plywood products [241236],"Index, 2010=100",184,units ,0,v79309543,1.407,,..,,,1
1956-01,Canada,2016A000011124,Other sawmill and treated wood products [24124],"Index, 2010=100",184,units ,0,v79309544,1.408,,..,,,1
1956-01,Canada,2016A000011124,"Shakes and shingles, and wood siding [241241]","Index, 2010=100",184,units ,0,v79309545,1.409,,..,,,1
1956-01,Canada,2016A000011124,"Shakes and shingles, and wood siding, domestic [241241]","Index, 2010=100",184,units ,0,v79309546,1.41,,..,,,1
1956-01,Canada,2016A000011124,"Shakes and shingles, and wood siding, export [241241]","Index, 2010=100",184,units ,0,v79309547,1.411,,..,,,1
1956-01,Canada,2016A000011124,Untreated wood ties and treated wood products [241242],"Index, 2010=100",184,units ,0,v79309548,1.412,,..,,,1
1956-01,Canada,2016A000011124,"Wood millwork, and wood products not elsewhere classified [462]","Index, 2010=100",184,units ,0,v79309549,1.413,,..,,,1
1956-01,Canada,2016A000011124,Wood windows and doors [46211],"Index, 2010=100",184,units ,0,v79309550,1.414,,..,,,1
1956-01,Canada,2016A000011124,Wooden doors [462111],"Index, 2010=100",184,units ,0,v79309551,1.415,,..,,,1
1956-01,Canada,2016A000011124,Wood window units [462112],"Index, 2010=100",184,units ,0,v79309552,1.416,,..,,,1
1956-01,Canada,2016A000011124,Wooden door and window frames and sash [462113],"Index, 2010=100",184,units ,0,v79309553,1.417,,..,,,1
1956-01,Canada,2016A000011124,Wood cabinets and counter tops [46212],"Index, 2010=100",184,units ,0,v79309554,1.418,,..,,,1
1956-01,Canada,2016A000011124,Wood kitchen cabinets and other cabinetwork [462121],"Index, 2010=100",184,units ,0,v79309555,1.419,,..,,,1
1956-01,Canada,2016A000011124,Wood kitchen cabinet and bathroom vanity tops (including plastic laminated wood) [462122],"Index, 2010=100",184,units ,0,v79309556,1.42,,..,,,1
1956-01,Canada,2016A000011124,"Wood products, not elsewhere classified [46213]","Index, 2010=100",184,units ,0,v79309557,1.421,,..,,,1
1956-01,Canada,2016A000011124,Hardwood flooring [462131],"Index, 2010=100",184,units ,0,v79309558,1.422,,..,,,1
1956-01,Canada,2016A000011124,Softwood flooring [462132],"Index, 2010=100",184,units ,0,v79309559,1.423,,..,,,1
1956-01,Canada,2016A000011124,Hardwood and softwood cut stock and dimension (including furniture cut stock) [462133],"Index, 2010=100",184,units ,0,v79309560,1.424,,..,,,1
1956-01,Canada,2016A000011124,Other wood millwork products [462134],"Index, 2010=100",184,units ,0,v79309561,1.425,,..,,,1
1956-01,Canada,2016A000011124,"Other wood products, not elsewhere classified [462135]","Index, 2010=100",184,units ,0,v79309562,1.426,,..,,,1
1956-01,Canada,2016A000011124,Pulp and paper products [P42],"Index, 2010=100",184,units ,0,v79309563,1.427,,..,,,1
1956-01,Canada,2016A000011124,Pulp and paper stock [251],"Index, 2010=100",184,units ,0,v79309564,1.428,,..,,,1
1956-01,Canada,2016A000011124,Wood chips [25111],"Index, 2010=100",184,units ,0,v79309565,1.429,,..,,,1
1956-01,Canada,2016A000011124,Wood pulp [25112],"Index, 2010=100",184,units ,0,v79309566,1.43,,..,,,1
1956-01,Canada,2016A000011124,Special alpha and dissolving wood pulp [251121],"Index, 2010=100",184,units ,0,v79309567,1.431,,..,,,1
1956-01,Canada,2016A000011124,Sulphate softwood pulp (including soda) [251122],"Index, 2010=100",184,units ,0,v79309568,1.432,,..,,,1
1956-01,Canada,2016A000011124,"Sulphate softwood pulp (including soda), domestic [251122]","Index, 2010=100",184,units ,0,v79309569,1.433,,..,,,1
1956-01,Canada,2016A000011124,"Sulphate softwood pulp (including soda), export [251122]","Index, 2010=100",184,units ,0,v79309570,1.434,,..,,,1
1956-01,Canada,2016A000011124,Sulphate hardwood pulp (including soda) [251123],"Index, 2010=100",184,units ,0,v79309571,1.435,,..,,,1
1956-01,Canada,2016A000011124,"Sulphate hardwood pulp (including soda), domestic [251123]","Index, 2010=100",184,units ,0,v79309572,1.436,,..,,,1
1956-01,Canada,2016A000011124,"Sulphate hardwood pulp (including soda), export [251123]","Index, 2010=100",184,units ,0,v79309573,1.437,,..,,,1
1956-01,Canada,2016A000011124,Other sulphite and chemical wood pulp [251124],"Index, 2010=100",184,units ,0,v79309574,1.438,,..,,,1
1956-01,Canada,2016A000011124,"Other sulphite and chemical wood pulp, domestic [251124]","Index, 2010=100",184,units ,0,v79309575,1.439,,..,,,1
1956-01,Canada,2016A000011124,"Other sulphite and chemical wood pulp, export [251124]","Index, 2010=100",184,units ,0,v79309576,1.44,,..,,,1
1956-01,Canada,2016A000011124,"Mechanical and semi-chemical wood pulp, and non-wood pulp [251125]","Index, 2010=100",184,units ,0,v79309577,1.441,,..,,,1
1956-01,Canada,2016A000011124,Newsprint [25121],"Index, 2010=100",184,units ,0,v79309578,1.442,,..,,,1
1956-01,Canada,2016A000011124,"Newsprint, domestic [251211]","Index, 2010=100",184,units ,0,v79309579,1.443,,..,,,1
1956-01,Canada,2016A000011124,"Newsprint, export [251211]","Index, 2010=100",184,units ,0,v79309580,1.444,,..,,,1
1956-01,Canada,2016A000011124,Paper (except newsprint) [25122],"Index, 2010=100",184,units ,0,v79309581,1.445,,..,,,1
1956-01,Canada,2016A000011124,Clay-coated printing and converting paper [251221],"Index, 2010=100",184,units ,0,v79309582,1.446,,..,,,1
1956-01,Canada,2016A000011124,Uncoated freesheet paper [251222],"Index, 2010=100",184,units ,0,v79309583,1.447,,..,,,1
1956-01,Canada,2016A000011124,"Uncoated freesheet paper, domestic [251222]","Index, 2010=100",184,units ,0,v79309584,1.448,,..,,,1
1956-01,Canada,2016A000011124,"Uncoated freesheet paper, export [251222]","Index, 2010=100",184,units ,0,v79309585,1.449,,..,,,1
1956-01,Canada,2016A000011124,Uncoated groundwood paper [251223],"Index, 2010=100",184,units ,0,v79309586,1.45,,..,,,1
1956-01,Canada,2016A000011124,"Uncoated groundwood paper, domestic [251223]","Index, 2010=100",184,units ,0,v79309587,1.451,,..,,,1
