Dimension ID,Member Name,Classification Code,Member ID,Parent Member ID,Terminated,Member Notes,Member Definitions
1,Canada,[11124],1,,,,
2,"Total, Industrial product price index (IPPI)",,1,,,,
2,Energy and petroleum products,[P51],2,1,,,
2,Natural gas liquids and related products,[143],3,2,,,
2,"Solid fuel products, not elsewhere classified",[144],4,2,,,
2,"Refined petroleum energy products, and biofuels",[261],5,2,,,
2,Coke and other coke oven products,[26111],6,5,,,
2,Motor gasoline,[26121],7,5,,,
2,"Motor gasoline, regular",,8,7,,,
2,"Motor gasoline, premium",,9,7,,,
2,"Motor gasoline, midgrade",,10,7,,,
2,Diesel fuel,[26122],11,5,,,
2,Jet fuel,[26131],12,5,,,
2,Light fuel oils,[26132],13,5,,,
2,Kerosene (except jet fuel),[261321],14,13,,,
2,Light fuel oils (except kerosene and diesel),[261322],15,13,,,
2,Heavy fuel oils,[26133],16,5,,,
2,Ethanol and biodiesel fuels,[26141],17,5,,,
2,Ethanol fuel,[261411],18,17,,,
2,Biodiesel fuel,[261412],19,17,,,
2,Asphalt (except natural) and asphalt products,[262],20,2,,,
2,Asphalt (except natural) and asphalt products,[26211],21,20,,,
2,Asphalt (except natural),[262111],22,21,,,
2,Asphalt paving mixtures and blocks,[262112],23,21,,,
2,Prepared asphalts (including roofing and saturated felts),[262113],24,21,,,
2,Lubricants and other petroleum refinery products,[264],25,2,,,
2,Lubricants and other petroleum refinery products,[26411],26,25,,,
2,Automotive lubricating oils and greases,[264111],27,26,,,
2,Petroleum-based lubricating oils and greases (except automotive),[264112],28,26,,,
2,Unfinished petroleum oils,[264113],29,26,,,
2,"Finished petroleum products, not elsewhere classified",[264114],30,26,,,
2,"Meat, fish, and dairy products",[P11],32,1,,,
2,Prepared and packaged seafood products,[171],33,32,,,
2,Prepared and packaged seafood products,[17111],34,33,,,
2,Prepared fresh fish and shellfish and fresh seafood products,[171111],35,34,,,
2,"Prepared fresh fish and shellfish and fresh seafood products, domestic",[171111],36,35,,,
2,"Prepared fresh fish and shellfish and fresh seafood products, export",[171111],37,35,,,
2,Canned fish and shellfish (including soups),[171112],38,34,,,
2,"Canned fish and shellfish (including soups), domestic",[171112],39,38,,,
2,"Canned fish and shellfish (including soups), export",[171112],40,38,,,
2,Cured fish and shellfish,[171113],41,34,,,
2,Frozen prepared fish and other seafood products (except frozen shellfish),[171114],42,34,,,
2,"Frozen prepared fish and other seafood products (except frozen shellfish), domestic",[171114],43,42,,,
2,"Frozen prepared fish and other seafood products (except frozen shellfish), export",[171114],44,42,,,
2,Frozen prepared shellfish,[171115],45,34,,,
2,Meat products,[172],46,32,,,
2,Fresh and frozen beef and veal,[17211],47,46,,,
2,Fresh and frozen carcasses and half-carcasses of beef and veal,[172111],48,47,,,
2,Fresh and frozen cuts of beef,[172112],49,47,,,
2,Fresh and frozen ground beef,[172113],50,47,,,
2,Fresh and frozen veal (except carcasses and half-carcasses),[172114],51,47,,,
2,Fresh and frozen pork,[17212],52,46,,,
2,"Fresh and frozen pork, domestic",[172121],53,52,,,
2,"Fresh and frozen pork, export",[172121],54,52,,,
2,Fresh and frozen poultry of all types,[17213],55,46,,,
2,Fresh and frozen chicken,[172131],56,55,,,
2,Fresh and frozen turkey,[172132],57,55,,,
2,Other fresh and frozen poultry and fowl,[172133],58,55,,,
2,"Fresh and frozen lamb, mutton and goat meat",[17214],59,46,,,
2,"Processed meat products, other meats and animal by-products",[17215],60,46,,,
2,Sausage (except poultry sausages),[172151],61,60,,,
2,"Ham, bacon and other processed pork",[172152],62,60,,,
2,Processed poultry products (including canned poultry and poultry sausages),[172153],63,60,,,
2,"Canned meat and processed meats, not elsewhere classified",[172154],64,60,,,
2,Lard,[172155],65,60,,,
2,"Animal oil and fat (except lard), and feed and fertilizer by-products",[172156],66,60,,,
2,"Hides, skins, and pelts (except of fur-bearing animals)",[172157],67,60,,,
2,"Meat of other animals, and animal by-products, not elsewhere classified",[172158],68,60,,,
2,Dairy products,[173],69,32,,,
2,Fluid milk and processed milk products,[17311],70,69,,,
2,"Fluid milk products, in bulk",[173111],71,70,,,
2,Packaged fluid skim milk (except canned milk and UHT),[173112],72,70,,,
2,"Packaged fluid milk (except skim milk and cream, and canned milk and UHT)",[173113],73,70,,,
2,Packaged fluid cream (except canned cream and UHT),[173114],74,70,,,
2,"Flavoured milk, buttermilk, and sour cream",[173115],75,70,,,
2,Yoghurt (except frozen),[173116],76,70,,,
2,Butter and dry and canned dairy products,[17312],77,69,,,
2,Butter,[173121],78,77,,,
2,"Canned, concentrated and condensed milk products (including UHT)",[173122],79,77,,,
2,Dry milk-based powder mixes,[173123],80,77,,,
2,Dry skim milk powder,[173124],81,77,,,
2,Dry milk products (except milk-based powder mixes and skim milk powder),[173125],82,77,,,
2,Dairy product substitutes (including non-milk-based powder mixes),[173126],83,77,,,
2,Cheese and cheese products,[17313],84,69,,,
2,Cheese (except cottage cheese and process cheese),[173131],85,84,,,
2,Process cheese and processed cheese products,[173132],86,84,,,
2,Cottage cheese,[173133],87,84,,,
2,"Ice cream, sherbet and similar frozen desserts",[17314],88,69,,,
2,"Fruit, vegetables, feed and other food products",[P12],89,1,,,
2,Animal feed,[181],90,89,,,
2,Dog and cat food,[18111],91,90,,,
2,Other animal feed,[18112],92,90,,,
2,Complete cattle feed,[181121],93,92,,,
2,Complete swine feed,[181122],94,92,,,
2,Chicken and turkey feed,[181123],95,92,,,
2,Other poultry and livestock feeds,[181124],96,92,,,
2,"Feed concentrates and supplements, and complete animal feeds, not elsewhere classified",[181125],97,92,,,
2,Intermediate food products,[182],98,89,,,
2,Margarine and cooking oils,[18211],99,98,,,
2,"Margarine, butter blends, and butter substitutes",[182111],100,99,,,
2,Shortening and cooking oils (except corn oil),[182112],101,99,,,
2,Flour and other grain mill products,[18212],102,98,,,
2,Hard spring wheat flour,[182121],103,102,,,
2,Wheat flour (except hard spring wheat),[182122],104,102,,,
2,"Non-wheat flour, and other grain mill products",[182123],105,102,,,
2,"Grain and oilseed products, not elsewhere classified",[18213],106,98,,,
2,"Corn oil, corn sweeteners, and wet process corn by-products",[182131],107,106,,,
2,"Soybean oil (crude, once-refined, fuel-grade or industrial)",[182132],108,106,,,
2,"Canola or rapeseed oil (crude, once-refined, fuel-grade or industrial)",[182133],109,106,,,
2,"Other vegetable oils (crude, once-refined, fuel-grade or industrial)",[182134],110,106,,,
2,Oilseed cake and meal,[182135],111,106,,,
2,Starch,[182136],112,106,,,
2,"Malt, and vegetable by-products not elsewhere classified",[182137],113,106,,,
2,Sugar and sugar mill by-products,[18214],114,98,,,
2,Raw sugar and sugar mill by-products,[182141],115,114,,,
2,Refined sugar (except maple sugar),[182142],116,114,,,
2,Other food products,[183],117,89,,,
2,Breakfast cereal and other cereal products,[18311],118,117,,,
2,"Flour mixes, dough and dry pasta",[18312],119,117,,,
2,"Flour mixes, and refrigerated and frozen doughs, batters and breading",[183121],120,119,,,
2,Dry pasta,[183122],121,119,,,
2,"Bread, rolls and flatbreads",[18313],122,117,,,
2,"Cookies, crackers and baked sweet goods",[18314],123,117,,,
2,Cookies and crackers,[183141],124,123,,,
2,Fresh baked desserts,[183142],125,123,,,
2,Frozen baked desserts,[183143],126,123,,,
2,Chocolate (except confectionery),[18321],127,117,,,
2,Confectionery products,[18322],128,117,,,
2,Chocolate and chocolate-type confectionery products,[183221],129,128,,,
2,Non-chocolate confectionery products,[183222],130,128,,,
2,Chewing gum and bubble gum,[183223],131,128,,,
2,Snack food products,[18331],132,117,,,
2,Potato chips,[183311],133,132,,,
2,Nuts and other snack foods (except potato chips),[183312],134,132,,,
2,Flavouring syrups and extracts,[18341],135,117,,,
2,Liquid beverage bases and soft drink flavouring syrups,[183411],136,135,,,
2,Flavouring syrups and extracts (except for beverages),[183412],137,135,,,
2,"Vinegar, mayonnaise, non-tomato sauces, salt, spices and sauce mixes",[18342],138,117,,,
2,"Vinegar, mayonnaise, dressings, non-tomato sauces, and spreads",[183421],139,138,,,
2,"Table salt, spices, extracts, and sauce mixes",[183422],140,138,,,
2,"Ketchup, canned tomato sauces, and preserved fruit and vegetables",[18351],141,117,,,
2,"Ketchup, canned tomato based sauces and pastes, pickles and other pickled products",[183511],142,141,,,
2,"Canned preserves, infant foods, and specialty foods",[183512],143,141,,,
2,Canned soups and stews (except seafood),[183513],144,141,,,
2,Canned vegetables and mushrooms (except infant foods),[183514],145,141,,,
2,Canned fruit (except infant foods),[183515],146,141,,,
2,"Dried fruit, vegetables, soup mixes, and bouillon",[183516],147,141,,,
2,"Frozen foods, not elsewhere classified",[18352],148,117,,,
2,Frozen vegetables,[183521],149,148,,,
2,Frozen fruit,[183522],150,148,,,
2,"Frozen dinners and frozen foods, not elsewhere classified",[183523],151,148,,,
2,"Other food products, not elsewhere classified",[18361],152,117,,,
2,Peanut butter,[183611],153,152,,,
2,Perishable prepared food,[183612],154,152,,,
2,"Other miscellaneous food products, not elsewhere classified",[183613],155,152,,,
2,Coffee and tea,[191],156,89,,,
2,Coffee and tea,[19111],157,156,,,
2,"Coffee, prepared for retail sale (except concentrates)",[191111],158,157,,,
2,"Concentrated coffee, extracts, and substitutes",[191112],159,157,,,
2,"Tea, prepared for retail sale",[191113],160,157,,,
2,"Fresh, frozen and canned fruit and vegetable juices",[192],161,89,,,
2,"Fresh, frozen and canned fruit and vegetable juices",[19211],162,161,,,
2,Frozen juices and drinks,[192111],163,162,,,
2,Fresh and canned fruit juices,[192112],164,162,,,
2,Fresh and canned vegetable juices,[192113],165,162,,,
2,Beverages (except juices),[P13],166,1,,,
2,"Bottled water, carbonated soft drinks, other beverages, and ice",[193],167,166,,,
2,"Bottled water, carbonated soft drinks, other beverages, and ice",[19311],168,167,,,
2,Carbonated drinks,[193111],169,168,,,
2,"Non-carbonated drinks (except milk and juice), bottled water and ice",[193112],170,168,,,
2,Alcoholic beverages,[211],171,166,,,
2,Beer,[21111],172,171,,,
2,Wine and brandy,[21112],173,171,,,
2,Wine,[211121],174,173,,,
2,Brandy and cider,[211122],175,173,,,
2,Distilled liquor,[21113],176,171,,,
2,Whisky,[211131],177,176,,,
2,"Whisky, domestic",[211131],178,177,,,
2,"Whisky, export",[211131],179,177,,,
2,"Distilled liquor (except whisky, brandy and cider)",[211132],180,176,,,
2,"Distilled liquor (except whisky, brandy and cider), domestic",[211132],181,180,,,
2,"Distilled liquor (except whisky, brandy and cider), export",[211132],182,180,,,
2,Tobacco products,[P14],183,1,,,
2,Tobacco products,[212],184,183,,,
2,"Cigarettes, cigars, chewing and smoking tobacco",[21211],185,184,,,
2,Cigarettes,[212111],186,185,,,
2,"Cigars, chewing and smoking tobacco",[212112],187,185,,,
2,"Stemmed, redried or reconstituted tobacco",[21212],188,184,,,
2,Textile and leather products,[P21],189,1,,,
2,"Fabric, fibre and yarn, and leather and dressed furs",[221],190,189,,,
2,Fabrics,[22111],191,190,,,
2,Broad woven fabrics of cotton or wool,[221111],192,191,,,
2,Broad woven fabrics (except cotton or wool),[221112],193,191,,,
2,Circular knit fabrics,[221113],194,191,,,
2,Knit fabrics (except circular knit),[221114],195,191,,,
2,Narrow fabrics,[221115],196,191,,,
2,Coated fabrics and coated yarns,[221116],197,191,,,
2,Nonwoven fabrics and products,[221117],198,191,,,
2,"Fibre, yarn, and thread (except artificial and synthetic fibre and filament)",[22112],199,190,,,
2,"Fibre and yarn (except thread, filament yarn and coated yarn)",[221121],200,199,,,
2,Thread (except covered rubber thread),[221122],201,199,,,
2,Leather and dressed furs,[22113],202,190,,,
2,"Carpets, textile furnishings and other textile products",[232],203,189,,,
2,"Carpets, rugs and mats",[23211],204,203,,,
2,Other textile furnishings,[23212],205,203,,,
2,Bed linens,[232121],206,205,,,
2,Other miscellaneous textile furnishings,[232122],207,205,,,
2,"Textile products, not elsewhere classified",[23213],208,203,,,
2,Tire cord and tire fabric,[232131],209,208,,,
2,"Rope, cordage and twine",[232132],210,208,,,
2,Canvas products and similar articles,[232133],211,208,,,
2,"Other textile products, not elsewhere classified",[232134],212,208,,,
2,"Clothing, footwear and accessories",[P22],213,1,,,
2,"Clothing, footwear and accessories",[231],214,213,,,
2,Men's clothing,[23111],215,214,,,
2,Men's underwear and sleepwear,[231111],216,215,,,
2,"Men's suits, sport jackets and blazers",[231112],217,215,,,
2,Men's shirts,[231113],218,215,,,
2,Men's pants (except jeans),[231114],219,215,,,
2,Men's jeans,[231115],220,215,,,
2,Men's fur and leather clothing,[231116],221,215,,,
2,Men's outerwear coats and jackets,[231117],222,215,,,
2,"Men's sweaters and clothing, not elsewhere classified",[231118],223,215,,,
2,Women's clothing,[23112],224,214,,,
2,"Women's lingerie, sleepwear and underwear",[231121],225,224,,,
2,Women's swimwear,[231122],226,224,,,
2,Women's suits and jackets,[231123],227,224,,,
2,Women's pants and jeans,[231124],228,224,,,
2,Women's skirts and dresses,[231125],229,224,,,
2,Women's shirts and blouses,[231126],230,224,,,
2,Women's and children's fur and leather clothing,[231127],231,224,,,
2,"Women's sweaters, outerwear coats, jackets, and clothing not elsewhere classified",[231128],232,224,,,
2,Hosiery,[231129],233,224,,,
2,Children's clothing,[23113],234,214,,,
2,Infant and baby clothing,[231131],235,234,,,
2,Clothing accessories,[23114],238,214,,,
2,Belts,[231141],239,238,,,
2,Gloves and mittens,[231142],240,238,,,
2,Other clothing accessories and textile clothing components,[231143],241,238,,,
2,Footwear,[23121],242,214,,,
2,Men's non-athletic footwear,[231211],243,242,,,
2,Women's non-athletic footwear,[231212],244,242,,,
2,"Protective footwear, of rubber or plastics",[231213],245,242,,,
2,Other footwear,[231214],246,242,,,
2,"Suitcases, handbags, and other leather and allied products",[23131],247,214,,,
2,Suitcases and handbags,[231311],248,247,,,
2,Other leather and allied products,[231312],249,247,,,
2,Chemicals and chemical products,[P31],250,1,,,
2,"Dyes and pigments, and petrochemicals",[263],251,250,,,
2,Dyes and pigments,[26311],252,251,,,
2,Petrochemicals,[26321],253,251,,,
2,Ethylene,[263211],254,253,,,
2,Aromatic hydrocarbon gases,[263212],255,253,,,
2,"Liquefied refinery gases, and acyclic hydrocarbons not elsewhere classified",[263213],256,253,,,
2,"Cycloterpenes, cyclanes and cyclenes, and cyclic hydrocarbons not elsewhere classified",[263214],257,253,,,
2,Basic chemicals,[271],258,250,,,
2,Industrial gases,[27111],259,258,,,
2,Oxygen,[271111],260,259,,,
2,Nitrogen,[271112],261,259,,,
2,Carbon dioxide,[271113],262,259,,,
2,Acetylene,[271114],263,259,,,
2,"Industrial gases, not elsewhere classified",[271115],264,259,,,
2,Other basic inorganic chemicals,[27112],265,258,,,
2,Sulphuric acid,[271121],266,265,,,
2,Chlorine,[271122],267,265,,,
2,Sodium hydroxide (caustic soda),[271123],268,265,,,
2,"Inorganic potassium and sodium compounds (except alkalies, alums, and bleaches)",[271124],269,265,,,
2,Carbon black,[271125],270,265,,,
2,Chemical catalytic preparations,[271126],271,265,,,
2,"Other basic inorganic chemicals, not elsewhere classified",[271128],273,265,,,
2,"Basic organic chemicals, not elsewhere classified",[27113],274,258,,,
2,"Fertilizers, pesticides and other chemical products",[272],275,250,,,
2,Ammonia and chemical fertilizers,[27211],276,275,,,
2,Urea,[272111],277,276,,,
2,Organic and nitrogenous fertilizer materials,[272112],278,276,,,
2,"Phosphoric acid, and phosphatic fertilizer materials",[272113],279,276,,,
2,Mixed fertilizers,[272114],280,276,,,
2,Pesticides and other agricultural chemicals,[27212],281,275,,,
2,"Chemical products, not elsewhere classified",[27213],282,275,,,
2,"Automotive fluids, cleaners, polishes and additives",[272131],283,282,,,
2,"Printing, writing and stamping inks",[272132],284,282,,,
2,"Explosives, propellants and blasting accessories",[272133],285,282,,,
2,Water treatment compounds,[272134],286,282,,,
2,"Toner, photographic chemicals and photographic film",[272135],287,282,,,
2,Other chemical products,[272136],288,282,,,
2,Pharmaceutical and medicinal products,[273],289,250,,,
2,Pharmaceutical and medicinal products,[27311],290,289,,,
2,"Medicinal chemicals and vitamins, in bulk",[273111],291,290,,,
2,"Pharmaceutical preparations, for the human central nervous system and the sense organs",[273112],292,290,,,
2,"Pharmaceutical preparations, for the human cardiovascular and respiratory systems",[273113],293,290,,,
2,"Pharmaceutical preparations, for the human digestive and genito-urinary systems",[273114],294,290,,,
2,"Pharmaceutical preparations affecting the human endocrine system, tumors and metabolic diseases",[273115],295,290,,,
2,Pharmaceutical preparations affecting parasitic and infective diseases in human beings,[273116],296,290,,,
2,Other pharmaceutical preparations for human use,[273117],297,290,,,
2,Veterinary pharmaceutical preparations,[273118],298,290,,,
2,"Diagnostic substances, blood derivatives, and other biological products",[273119],299,290,,,
2,Cleaning products and toiletries,[274],300,250,,,
2,Soaps and cleaning compounds,[27411],301,300,,,
2,"Household laundry soaps, detergents and bleaches",[274111],302,301,,,
2,Specialty cleaners and polishes,[274112],303,301,,,
2,"Commercial, industrial, and institutional cleaning products",[274113],304,301,,,
2,"Surfactants, finishing agents and assistants",[274114],305,301,,,
2,"Bath, facial, and hand soaps",[274115],306,301,,,
2,Oral hygiene products,[274116],307,301,,,
2,Perfumes and toiletries,[27412],308,300,,,
2,Hair care products,[274121],309,308,,,
2,"Personal creams, lotions and oils",[274122],310,308,,,
2,Perfumes and colognes,[274123],311,308,,,
2,"Cosmetics and toiletries, not elsewhere classified",[274124],312,308,,,
2,Plastic resins,[281],313,250,,,
2,Plastic resins,[28111],314,313,,,
2,Polyester resins,[281111],315,314,,,
2,Polyethylene resins,[281112],316,314,,,
2,Polystyrene resins,[281113],317,314,,,
2,Other thermoplastics resins,[281114],318,314,,,
2,Phenol-formaldehyde resins,[281115],319,314,,,
2,Other thermosetting resins,[281116],320,314,,,
2,"Paints, coatings and adhesive products",[463],321,250,,,
2,"Paints, coatings and adhesive products",[46311],322,321,,,
2,Paints and coatings for construction and renovation,[463111],323,322,,,
2,Other paints and coatings,[463112],324,322,,,
2,"Paint removers and thinners, and glazing compounds",[463113],325,322,,,
2,Caulks and sealants,[463114],326,322,,,
2,Adhesives,[463115],327,322,,,
2,Plastic and rubber products,[P32],328,1,,,
2,Waste and scrap of plastic and rubber,[158],329,328,,,
2,Waste and scrap of plastic and rubber,[15811],330,329,,,
2,Plastic and rubber basic products not for packaging use (except plastic resins and natural rubber),,331,328,,,
2,"Synthetic rubber, and rubber compounds and mixtures",,332,331,,,
2,Synthetic rubber,[282112],333,332,,,
2,Rubber compounds and mixtures,[282113],334,332,,,
2,Artificial and synthetic fibres and filaments,[28221],335,331,,,
2,Artificial and synthetic staple fibres,[282211],336,335,,,
2,Artificial and synthetic filament yarns,[282212],337,335,,,
2,Plastic film and non-rigid sheets not for packaging use,[28231],338,331,,,
2,"Plastic film and sheets not for packaging use, of polyethylene only",[282311],339,338,,,
2,Plastic film and sheets not for packaging use (except polyethylene),[282312],340,338,,,
2,Plastic profile shapes,[28232],341,331,,,
2,Laminated plastic profile shapes,[282321],342,341,,,
2,Unlaminated plastic profile shapes,[282322],343,341,,,
2,Tires,[283],344,328,,,
2,Tires,[28311],345,344,,,
2,Pneumatic tires for passenger cars and similar vehicles,[283111],346,345,,,
2,Pneumatic tires for buses and trucks,[283112],347,345,,,
2,"Other pneumatic, semi-pneumatic and solid rubber tires, and retreaded tires and tire repair materials",[283113],348,345,,,
2,Plastic and rubber finished products,[284],349,328,,,
2,Rubber and plastic hose and belts,[28411],350,349,,,
2,Rubber and plastic transmission belts and belting,[284111],351,350,,,
2,"Rubber and flexible plastic pipes, tubes and hoses",[284112],352,350,,,
2,"Plastic products (except for packaging and construction), not elsewhere classified",[28412],353,349,,,
2,"Plastic dinnerware, tableware, kitchenware and ovenware (including microwave-ware)",[284121],354,353,,,
2,"Other consumer, institutional and commercial plastic products",[284122],355,353,,,
2,"Plastic parts and components, not elsewhere classified",[284123],356,353,,,
2,"Rubber products, not elsewhere classified",[28413],357,349,,,
2,"Rubber sponge, expanded rubber and foam rubber products",[284131],358,357,,,
2,Rubber mechanical goods,[284132],359,357,,,
2,"Other rubber products, not elsewhere classified",[284133],360,357,,,
2,"Foam products (except for packaging and construction), not elsewhere classified",[28414],361,349,,,
2,"Plastic foam shapes of polystyrene or polyurethane, for transportation",[284141],362,361,,,
2,"Plastic foam shapes of polystyrene or polyurethane, for furniture and other products not elsewhere classified",[284142],363,361,,,
2,Consumer and commercial foam products of polystyrene or polyurethane (including dinnerware and tableware),[284143],364,361,,,
2,Other foam products,[284144],365,361,,,
2,Plastic and foam building and construction materials,[464],366,328,,,
2,Plastic and foam building and construction materials,[46411],367,366,,,
2,Polyethylene plastic pipes and tubes (except flexible),[464111],368,367,,,
2,Plastic pipes and tubes (except flexible and polyethylene),[464112],369,367,,,
2,Plastic pipe fittings and unions,[464113],370,367,,,
2,Plastic plumbing fixtures,[464114],371,367,,,
2,Resilient floor coverings,[464115],372,367,,,
2,Other polystyrene foam products for building and construction,[464116],373,367,,,
2,Other polyurethane foam products for building and construction,[464117],374,367,,,
2,Other plastic products for building and construction,[464119],376,367,,,
2,Lumber and other wood products,[P41],377,1,,,
2,"Waste and scrap of wood, wood by-products, paper and paperboard",[157],378,377,,,
2,Waste and scrap of wood and wood by-products,[15711],379,378,,,
2,Wood sawdust and shavings,[157111],380,379,,,
2,Waste and scrap of wood,[157112],381,379,,,
2,Waste and scrap of paper and paperboard,[15712],382,378,,,
2,Lumber and other sawmill products,[241],383,377,,,
2,Hardwood lumber (except tongue and groove and other edge worked lumber),[24111],384,383,,,
2,"Hardwood lumber (except tongue and groove and other edge worked lumber), domestic",[241111],385,384,,,
2,"Hardwood lumber (except tongue and groove and other edge worked lumber), export",[241111],386,384,,,
2,Softwood lumber (except tongue and groove and other edge worked lumber),[24112],387,383,,,
2,Softwood lumber of spruce-pine-fir (except tongue and groove and other edge worked lumber),[241121],388,387,,,
2,Softwood lumber of hemlock-fir (except tongue and groove and other edge worked lumber),[241122],389,387,,,
2,Softwood lumber of Douglas fir and Western larch (except tongue and groove and other edge worked lumber),[241123],390,387,,,
2,Softwood lumber of Western red cedar (except tongue and groove and other edge worked lumber),[241124],391,387,,,
2,Engineered wood members and trusses,[24121],393,383,,,
2,Wood trusses,[241211],394,393,,,
2,Engineered structural wood members (except trusses),[241212],395,393,,,
2,Reconstituted wood products,[24122],396,383,,,
2,"Waferboard, particle board and medium density fibreboard (MDF)",[241221],397,396,,,
2,Other fibreboard,[241222],398,396,,,
2,Veneer and plywood,[24123],399,383,,,
2,Hardwood veneer,[241231],400,399,,,
2,"Hardwood veneer, domestic",[241231],401,400,,,
2,"Hardwood veneer, export",[241231],402,400,,,
2,Softwood veneer,[241232],403,399,,,
2,Birch plywood and plywood products,[241233],404,399,,,
2,Other hardwood plywood and plywood products,[241234],405,399,,,
2,Douglas fir plywood and plywood products,[241235],406,399,,,
2,Other softwood plywood and plywood products,[241236],407,399,,,
2,Other sawmill and treated wood products,[24124],408,383,,,
2,"Shakes and shingles, and wood siding",[241241],409,408,,,
2,"Shakes and shingles, and wood siding, domestic",[241241],410,409,,,
2,"Shakes and shingles, and wood siding, export",[241241],411,409,,,
2,Untreated wood ties and treated wood products,[241242],412,408,,,
2,"Wood millwork, and wood products not elsewhere classified",[462],413,377,,,
2,Wood windows and doors,[46211],414,413,,,
2,Wooden doors,[462111],415,414,,,
2,Wood window units,[462112],416,414,,,
2,Wooden door and window frames and sash,[462113],417,414,,,
2,Wood cabinets and counter tops,[46212],418,413,,,
2,Wood kitchen cabinets and other cabinetwork,[462121],419,418,,,
2,Wood kitchen cabinet and bathroom vanity tops (including plastic laminated wood),[462122],420,418,,,
2,"Wood products, not elsewhere classified",[46213],421,413,,,
2,Hardwood flooring,[462131],422,421,,,
2,Softwood flooring,[462132],423,421,,,
2,Hardwood and softwood cut stock and dimension (including furniture cut stock),[462133],424,421,,,
2,Other wood millwork products,[462134],425,421,,,
2,"Other wood products, not elsewhere classified",[462135],426,421,,,
2,Pulp and paper products,[P42],427,1,,,
2,Pulp and paper stock,[251],428,427,,,
2,Wood chips,[25111],429,428,,,
2,Wood pulp,[25112],430,428,,,
2,Special alpha and dissolving wood pulp,[251121],431,430,,,
2,Sulphate softwood pulp (including soda),[251122],432,430,,,
2,"Sulphate softwood pulp (including soda), domestic",[251122],433,432,,,
2,"Sulphate softwood pulp (including soda), export",[251122],434,432,,,
2,Sulphate hardwood pulp (including soda),[251123],435,430,,,
2,"Sulphate hardwood pulp (including soda), domestic",[251123],436,435,,,
2,"Sulphate hardwood pulp (including soda), export",[251123],437,435,,,
2,Other sulphite and chemical wood pulp,[251124],438,430,,,
2,"Other sulphite and chemical wood pulp, domestic",[251124],439,438,,,
2,"Other sulphite and chemical wood pulp, export",[251124],440,438,,,
2,"Mechanical and semi-chemical wood pulp, and non-wood pulp",[251125],441,430,,,
2,Newsprint,[25121],442,428,,,
2,"Newsprint, domestic",[251211],443,442,,,
2,"Newsprint, export",[251211],444,442,,,
2,Paper (except newsprint),[25122],445,428,,,
2,Clay-coated printing and converting paper,[251221],446,445,,,
2,Uncoated freesheet paper,[251222],447,445,,,
2,"Uncoated freesheet paper, domestic",[251222],448,447,,,
2,"Uncoated freesheet paper, export",[251222],449,447,,,
2,Uncoated groundwood paper,[251223],450,445,,,
2,"Uncoated groundwood paper, domestic",[251223],451,450,,,
2,"Uncoated groundwood paper, export",[251223],452,450,,,
2,Tissue paper and other machine-creped paper,[251224],453,445,,,
2,Other packaging and industrial converting paper,[251225],454,445,,,
2,"Other packaging and industrial converting paper, domestic",[251225],455,454,,,
2,"Other packaging and industrial converting paper, export",[251225],456,454,,,
2,Other paper (except newsprint),[251226],457,445,,,
2,Paperboard,[25123],458,428,,,
2,Recycled paperboard,[251231],459,458,,,
2,Kraft packaging and industrial converting paperboard,[251232],460,458,,,
2,"Kraft packaging and industrial converting paperboard, domestic",[251232],461,460,,,
2,"Kraft packaging and industrial converting paperboard, export",[251232],462,460,,,
2,Other paperboard,[251233],463,458,,,
2,"Other paperboard, domestic",[251233],464,463,,,
2,"Other paperboard, export",[251233],465,463,,,
2,Converted paper and paper products (except for packaging),[252],466,427,,,
2,Paper office supplies,[25211],467,466,,,
2,Envelopes,[252111],468,467,,,
2,Paper office supplies (except envelopes),[252112],469,467,,,
2,"Printed products, not elsewhere classified",[25212],470,466,,,
2,Business forms and cheque books,[252121],471,470,,,
2,"Loose leaf binders, blankbooks and other printed products (including binder parts)",[252122],472,470,,,
2,Disposable diapers and feminine hygiene products,[25213],473,466,,,
2,Sanitary paper products,[25214],474,466,,,
2,Facial tissue,[252141],475,474,,,
2,Toilet paper,[252142],476,474,,,
2,Paper towels,[252143],477,474,,,
2,Paper napkins and other sanitary paper products,[252144],478,474,,,
2,Other converted paper products (except for packaging),[25215],479,466,,,
2,"Wallpaper, of all materials",[252151],480,479,,,
2,Other coated and treated paper and paperboard,[252152],481,479,,,
2,Other converted paper and laminated products (except for packaging),[252153],482,479,,,
2,Primary ferrous metal products,[P61],483,1,,,
2,"Unwrought iron, steel and ferro-alloys",[311],484,483,,,
2,"Unwrought iron, steel and ferro-alloys",[31111],485,484,,,
2,Unwrought iron and steel,[311111],486,485,,,
2,Unwrought ferro-alloys,[311112],487,485,,,
2,Basic and semi-finished iron and steel products,[312],488,483,,,
2,Iron and steel basic shapes,[31211],489,488,,,
2,"Hot-rolled sheet and strip, of iron or non-alloy steel",[312111],490,489,,,
2,"Hot-rolled sheet and strip, of alloy steel",[312112],491,489,,,
2,"Hot-rolled bars and bar shapes, of iron or non-alloy steel (except concrete reinforcing bars)",[312113],492,489,,,
2,"Hot-rolled bars and bar shapes, of alloy steel (except concrete reinforcing bars)",[312114],493,489,,,
2,"Other hot-rolled iron, steel or alloy steel structural shapes",[312115],494,489,,,
2,"Iron, steel or alloy steel rails and railway track material",[312116],495,489,,,
2,Wire and other rolled and drawn steel products,[31212],496,488,,,
2,"Cold-rolled sheet and strip, of iron or non-alloy steel",[312121],497,496,,,
2,"Cold-rolled sheet and strip, of alloy steel",[312122],498,496,,,
2,"Cold-finished bars and bar shapes, of iron or non-alloy steel (except concrete reinforcing bars)",[312123],499,496,,,
2,"Cold-finished bars and bar shapes, of alloy steel (except concrete reinforcing bars)",[312124],500,496,,,
2,Iron and steel wire,[312125],501,496,,,
2,"Iron and steel powder, paste and flakes",[312126],502,496,,,
2,Ferrous metal castings,[31213],503,488,,,
2,Pipes and fittings of ductile iron and cast iron,[312131],504,503,,,
2,Grey iron products (except pipes and fittings),[312132],505,503,,,
2,Other iron castings,[312133],506,503,,,
2,Steel castings,[312134],507,503,,,
2,Iron and steel pipes and tubes (except castings),[31214],508,488,,,
2,Iron and steel pipes and tubes for oil and gas (except castings),[312141],509,508,,,
2,Iron and steel pipes and tubes (except castings and oil and gas pipes and tubes),[312142],510,508,,,
2,Primary non-ferrous metal products,[P62],511,1,,,
2,Refined aluminum oxide,[155P],512,511,,,
2,Waste and scrap of metal,[156],513,511,,,
2,Waste and scrap of iron and steel,[15611],514,513,,,
2,Waste and scrap of non-ferrous metals,[15612],515,513,,,
2,Waste and scrap of aluminum and aluminum alloys,[156121],516,515,,,
2,Waste and scrap of other non-ferrous metals,[156122],517,515,,,
2,Unwrought aluminum and aluminum alloys,[321],518,511,,,
2,Unwrought aluminum and aluminum alloys,[32111],519,518,,,
2,Aluminum ingot and billet (except alloys),[321111],520,519,,,
2,Aluminum alloy ingot and billet,[321112],521,519,,,
2,Unwrought copper and copper alloys,[322],522,511,,,
2,Unwrought nickel and nickel alloys,[323],523,511,,,
2,Unwrought precious metals and precious metal alloys,[324],524,511,,,
2,Unwrought precious metals and precious metal alloys,[32412],525,524,,,
2,Unwrought gold and gold alloys,[324121],526,525,,,
2,Unwrought silver and silver alloys,[324122],527,525,,,
2,Other unwrought precious metals and precious metal alloys (including platinum group metals),[324123],528,525,,,
2,Other unwrought non-ferrous metals and non-ferrous metal alloys,[325],529,511,,,
2,Other unwrought non-ferrous metals and non-ferrous metal alloys,[32511],530,529,,,
2,Unwrought zinc and zinc alloys,[325111],531,530,,,
2,Unwrought lead and lead alloys,[325112],532,530,,,
2,Unwrought tin and tin alloys,[325113],533,530,,,
2,Unwrought cobalt and cobalt alloys,[325114],534,530,,,
2,Unwrought magnesium and magnesium alloys,[325115],535,530,,,
2,"Other unwrought non-ferrous metals and non-ferrous metal alloys, not elsewhere classified",[325116],536,530,,,
2,Basic and semi-finished products of non-ferrous metals and non-ferrous metal alloys (except aluminum),[326],537,511,,,
2,Basic and semi-finished products of non-ferrous metals and alloys (except precious metals and aluminum),[32611],538,537,,,
2,"Copper and copper-alloy bar, rod, sheet, strip and plate",[326111],539,538,,,
2,Copper and copper-alloy pipes and tubes,[326112],540,538,,,
2,Copper and copper-alloy wire and other semi-finished products,[326113],541,538,,,
2,Basic and semi-finished products of nickel and nickel alloys,[326114],542,538,,,
2,Basic and semi-finished products of other non-ferrous metals and other non-ferrous metal alloys,[326115],543,538,,,
2,Basic and semi-finished products of precious metals and precious metal alloys,[32612],544,537,,,
2,Basic and semi-finished products of aluminum and aluminum alloys,[327],545,511,,,
2,Basic and semi-finished products of aluminum and aluminum alloys,[32711],546,545,,,
2,"Aluminum and aluminum-alloy foil, sheet, strip and plate",[327111],547,546,,,
2,Aluminum and aluminum-alloy rod and bar,[327112],548,546,,,
2,Aluminum and aluminum-alloy pipes and tubes,[327113],549,546,,,
2,Aluminum and aluminum-alloy wire and other semi-finished products,[327114],550,546,,,
2,Fabricated metal products and construction materials,[P63],551,1,,,
2,Metal building and construction materials,[466],552,551,,,
2,"Fabricated steel plate, and other fabricated structural metal",[46611],553,552,,,
2,Concrete reinforcing bars,[466111],554,553,,,
2,Fabricated bar joists,[466112],555,553,,,
2,Fabricated steel plate,[466113],556,553,,,
2,Other fabricated structural metal,[466114],557,553,,,
2,Metal valves and pipe fittings (except industrial valves) and enamelled metal sanitary ware,[46612],558,552,,,
2,Plumbing fixtures and fittings,[466121],559,558,,,
2,Other valves and fittings,[466122],560,558,,,
2,Enamelled metal sanitary ware,[466123],561,558,,,
2,Metal windows and doors,[46613],562,552,,,
2,Metal doors and frames,[466131],563,562,,,
2,"Metal windows, screens, and exterior moulding and trim",[466132],564,562,,,
2,Other architectural metal products,[46614],565,552,,,
2,Metal flooring,[466141],566,565,,,
2,Metal roofing,[466142],567,565,,,
2,Metal roof drainage equipment,[466143],568,565,,,
2,Metal siding,[466144],569,565,,,
2,Metal work for heating and air-conditioning systems,[466145],570,565,,,
2,Other metal products for architecture and construction,[466146],571,565,,,
2,Fabricated metal products,[472],572,551,,,
2,"Guns, ammunition and other munitions",[47211],573,572,,,
2,Hardware,[47221],574,572,,,
2,Builders' hardware,[472211],575,574,,,
2,Other hardware,[472212],576,574,,,
2,Threaded metal fasteners and other turned metal products,[47222],577,572,,,
2,"Threaded metal fasteners, and metal rivets, washers and cotters",[472221],578,577,,,
2,Turned metal products (except fasteners and automotive products),[472222],579,577,,,
2,Springs and wire products,[47232],580,572,,,
2,"Nails, staples, tacks, spikes, and brads",[472321],581,580,,,
2,Wire springs,[472322],582,580,,,
2,Steel springs (except wire springs),[472323],583,580,,,
2,Fencing and woven wire products,[472324],584,580,,,
2,"Fabricated wire products, not elsewhere classified",[472325],585,580,,,
2,Forged and stamped metal products,[47233],586,572,,,
2,Forgings (including powder metallurgy products),[472331],587,586,,,
2,Metal stampings (except automotive),[472332],588,586,,,
2,Non-ferrous metal castings,[47234],589,572,,,
2,Aluminum castings,[472341],590,589,,,
2,Copper castings,[472342],591,589,,,
2,Other non-ferrous metal castings,[472343],592,589,,,
2,Other fabricated metal products,[47235],593,572,,,
2,Other miscellaneous fabricated metal products,[472352],594,593,,,
2,Converted unmounted aluminum foil for packaging,[472353],595,593,,,
2,Metal enclosures,[472354],596,593,,,
2,Motorized and recreational vehicles,[P71],597,1,,,
2,Passenger cars and light trucks,[411],598,597,,,
2,Passenger cars,[41111],599,598,,,
2,Compact passenger cars (including chassis),[411111],600,599,,,
2,"Compact passenger cars (including chassis), domestic",[411111],601,600,,,
2,"Compact passenger cars (including chassis), export",[411111],602,600,,,
2,Mid-size passenger cars (including chassis),[411112],603,599,,,
2,"Mid-size passenger cars (including chassis), domestic",[411112],604,603,,,
2,"Mid-size passenger cars (including chassis), export",[411112],605,603,,,
2,Full-size passenger cars (including chassis),[411113],606,599,,,
2,"Full-size passenger cars (including chassis), domestic",[411113],607,606,,,
2,"Full-size passenger cars (including chassis), export",[411113],608,606,,,
2,"Light-duty trucks, vans and sport utility vehicles (SUVs)",[41112],609,598,,,
2,"Vans, sport utility vehicles (SUVs) and crossovers (including chassis)",[411121],610,609,,,
2,"Vans, sport utility vehicles (SUVs) and crossovers (including chassis), domestic",[411121],611,610,,,
2,"Vans, sport utility vehicles (SUVs) and crossovers (including chassis), export",[411121],612,610,,,
2,"Medium and heavy trucks, buses and other motor vehicles",[412],616,597,,,
2,Medium and heavy-duty trucks,[41211],617,616,,,
2,Medium-duty trucks (including chassis),[412111],618,617,,,
2,"Medium-duty trucks (including chassis), domestic",[412111],619,618,,,
2,"Medium-duty trucks (including chassis), export",[412111],620,618,,,
2,Heavy-duty trucks (including heavy truck and bus chassis),[412112],621,617,,,
2,"Heavy-duty trucks (including heavy truck and bus chassis), domestic",[412112],622,621,,,
2,"Heavy-duty trucks (including heavy truck and bus chassis), export",[412112],623,621,,,
2,Buses and special-purpose vehicles,[41212],624,616,,,
2,Buses,[412121],625,624,,,
2,Special-purpose vehicles,[412122],626,624,,,
2,Freight and utility trailers,[41213],627,616,,,
2,Truck trailers,[412131],628,627,,,
2,Automobile and light truck trailers,[412132],629,627,,,
2,"Motor homes, travel trailers and camping trailers",[41221],630,616,,,
2,Motor homes,[412211],631,630,,,
2,Travel trailers and camping trailers,[412212],632,630,,,
2,Motor vehicle bodies,[41231],633,616,,,
2,"Bus bodies, van bodies and truck cabs",[412311],634,633,,,
2,Other automobile and truck bodies,[412312],635,633,,,
2,Motor vehicle engines and motor vehicle parts,[413],636,597,,,
2,Motor vehicle gasoline engines and engine parts,[41311],637,636,,,
2,"Motor vehicle gasoline engines and engine parts, domestic",[413111],638,637,,,
2,"Motor vehicle gasoline engines and engine parts, export",[413111],639,637,,,
2,Motor vehicle diesel engines and engine parts,[41312],640,636,,,
2,Motor vehicle electrical and electronic equipment,[41321],641,636,,,
2,Vehicular lighting equipment,[413211],642,641,,,
2,Other motor vehicle electrical and electronic equipment (except instruments and printed circuit assemblies),[413212],643,641,,,
2,"Other motor vehicle electrical and electronic equipment (except instruments and printed circuit assemblies), domestic",[413212],644,643,,,
2,"Other motor vehicle electrical and electronic equipment (except instruments and printed circuit assemblies), export",[413212],645,643,,,
2,Motor vehicle instruments and parts (except printed circuit assemblies),[413213],646,641,,,
2,Motor vehicle plastic parts,[41331],647,636,,,
2,"Motor vehicle plastic parts, domestic",[413311],648,647,,,
2,"Motor vehicle plastic parts, export",[413311],649,647,,,
2,Automotive glass and automotive mirrors,[41332],650,636,,,
2,"Motor vehicle seats, seat parts, and interior trim for motor vehicles",[41341],651,636,,,
2,Motor vehicle seats,[413411],652,651,,,
2,Parts of motor vehicle seats (including seat frames and seat covers),[413412],653,651,,,
2,Motor vehicle interior trim,[413413],654,651,,,
2,"Motor vehicle interior trim, domestic",[413413],655,654,,,
2,"Motor vehicle interior trim, export",[413413],656,654,,,
2,Motor vehicle metal stampings,[41351],657,636,,,
2,"Motor vehicle metal stampings, domestic",[413511],658,657,,,
2,"Motor vehicle metal stampings, export",[413511],659,657,,,
2,Motor vehicle steering and suspension components (except springs),[41352],660,636,,,
2,"Motor vehicle steering and suspension components (except springs), domestic",[413521],661,660,,,
2,"Motor vehicle steering and suspension components (except springs), export",[413521],662,660,,,
2,Motor vehicle transmission and drive train components,[41353],663,636,,,
2,"Motor vehicle transmission and drive train components, domestic",[413531],664,663,,,
2,"Motor vehicle transmission and drive train components, export",[413531],665,663,,,
2,Motor vehicle brakes and brake systems,[41354],666,636,,,
2,"Motor vehicle brakes and brake systems, domestic",[413541],667,666,,,
2,"Motor vehicle brakes and brake systems, export",[413541],668,666,,,
2,Other motor vehicle parts,[41355],669,636,,,
2,Motor vehicle wheels,[413551],670,669,,,
2,"Motor vehicle wheels, domestic",[413551],671,670,,,
2,"Motor vehicle wheels, export",[413551],672,670,,,
2,Motor vehicle exhaust system parts,[413552],673,669,,,
2,"Motor vehicle exhaust system parts, domestic",[413552],674,673,,,
2,"Motor vehicle exhaust system parts, export",[413552],675,673,,,
2,Motor vehicle air-conditioning systems (including compressors and other parts),[413553],676,669,,,
2,"Motor vehicle air-conditioning systems (including compressors and other parts), domestic",[413553],677,676,,,
2,"Motor vehicle air-conditioning systems (including compressors and other parts), export",[413553],678,676,,,
2,Motor vehicle hardware,[413554],679,669,,,
2,Precision-turned automotive products,[413555],680,669,,,
2,"Other motor vehicle parts, not elsewhere classified",[413556],681,669,,,
2,"Other motor vehicle parts, not elsewhere classified, domestic",[413556],682,681,,,
2,"Other motor vehicle parts, not elsewhere classified, export",[413556],683,681,,,
2,Aircraft,[421],684,597,,,
2,"Aircraft engines, aircraft parts and other aerospace equipment",[431],685,597,,,
2,Aircraft engines,[43111],686,685,,,
2,Aircraft parts and other aerospace equipment,[43112],687,685,,,
2,Aircraft engine parts and accessories (including propellers and rotors),[431121],688,687,,,
2,"Other aerospace parts, guided missiles and space vehicles",[431122],689,687,,,
2,"Ships, locomotives, railway rolling stock, and rapid transit equipment",[441],690,597,,,
2,Ships,[44111],691,690,,,
2,"Locomotives, railway rolling stock, and rapid transit equipment",[44112],692,690,,,
2,"Subway and rapid transit cars, and streetcars",[441121],693,692,,,
2,Locomotives and railway maintenance-of-way equipment,[441122],694,692,,,
2,Other railway rolling stock,[441123],695,692,,,
2,Boats and other personal transportation equipment,[442],696,597,,,
2,Boats and personal watercraft,[44211],697,696,,,
2,Personal watercraft and parts,[442111],698,697,,,
2,Boats (except personal watercraft),[442112],699,697,,,
2,Other transportation equipment,[44212],700,696,,,
2,Snowmobiles,[442122],702,700,,,
2,Military armoured vehicles,[442123],703,700,,,
2,"Motorcycles, golf carts, and other land vehicles not elsewhere classified",[442124],704,700,,,
2,Parts of railway rolling stock and of other transportation equipment,[451],705,597,,,
2,Parts of other transportation equipment,[45112],708,705,,,
2,Bicycle parts,[451121],709,708,,,
2,Machinery and equipment,[P72],712,1,,,
2,"Agricultural, lawn and garden machinery and equipment",[331],713,712,,,
2,"Agricultural, lawn and garden machinery and equipment",[33111],714,713,,,
2,Farm tractors,[331111],715,714,,,
2,"Soil preparation, planting, fertilizing, and cultivation machinery",[331112],716,714,,,
2,Harvesting and haying machinery,[331113],717,714,,,
2,Other farm machinery and equipment,[331114],718,714,,,
2,"Turf, lawn, garden and snow equipment",[331115],719,714,,,
2,"Logging, construction, mining and oil and gas field machinery and equipment",[332],720,712,,,
2,"Logging, construction, mining and oil and gas field machinery and equipment",[33211],721,720,,,
2,Logging machinery and equipment,[332111],722,721,,,
2,Light construction machinery and equipment,[332112],723,721,,,
2,Cranes and self-propelled construction equipment,[332113],724,721,,,
2,"Rock drilling, mining, and quarrying machinery and equipment",[332114],725,721,,,
2,"Mineral crushing, screening, processing and beneficiation machinery and equipment",[332115],726,721,,,
2,Oil and gas field machinery and equipment,[332116],727,721,,,
2,Metalworking machinery,[341],728,712,,,
2,Metalworking machinery,[34111],729,728,,,
2,Machine tools for cutting and forming metal,[341111],730,729,,,
2,Other metalworking machinery,[341112],731,729,,,
2,Commercial and service industry machinery and equipment,[342],732,712,,,
2,Commercial and service industry machinery and equipment,[34211],733,732,,,
2,"Optical and projection equipment, photocopiers, and office machines (except computers and peripherals)",[342111],734,733,,,
2,Commercial cooking and food-warming equipment,[342112],735,733,,,
2,"Commercial and service industry machinery and equipment, not elsewhere classified",[342113],736,733,,,
2,"Other industry-specific manufacturing machinery, not elsewhere classified",[343],737,712,,,
2,"Other industry-specific manufacturing machinery, not elsewhere classified",[34311],738,737,,,
2,Sawmill and woodworking machinery,[343111],739,738,,,
2,Plastics and rubber-working machinery,[343112],740,738,,,
2,Commercial and industrial food products machinery,[343113],741,738,,,
2,Pulp and paper industry machinery,[343114],742,738,,,
2,"Manufacturing machinery, not elsewhere classified",[343115],743,738,,,
2,"Heating, cooling and air purification equipment",[344],744,712,,,
2,Heating and cooling equipment (except household refrigerators and freezers),[34411],745,744,,,
2,"Warm air furnaces, and electric heating equipment (except portable heaters)",[344111],746,745,,,
2,Other heating equipment,[344112],747,745,,,
2,Commercial refrigeration equipment,[344113],748,745,,,
2,Refrigeration and air conditioning equipment (except commercial),[344114],749,745,,,
2,"Industrial and commercial fans, blowers and air purification equipment",[34412],750,744,,,
2,Industrial and commercial fans and blowers,[344121],751,750,,,
2,Air purification equipment,[344122],752,750,,,
2,"Other general-purpose machinery and equipment, not elsewhere classified",[345],753,712,,,
2,"Engines (except gasoline and diesel engines for motor vehicles, and aircraft engines)",[34511],754,753,,,
2,Mechanical power transmission equipment,[34512],756,753,,,
2,Ball and roller bearings,[34513],757,753,,,
2,"Turbines, turbine generators, and turbine generator sets",[34521],758,753,,,
2,"Boilers, metal tanks, industrial valves and seals",[34531],759,753,,,
2,Boilers and heat exchange units,[345311],760,759,,,
2,Metal tanks (including gas cylinders),[345312],761,759,,,
2,Industrial and fluid power valves and fittings,[345313],762,759,,,
2,"Seals, gaskets and packings",[345314],763,759,,,
2,Pumps and compressors,[34532],764,753,,,
2,"Power cylinders, actuators, pumps and motors",[345321],765,764,,,
2,Compressors and vacuum pumps,[345322],766,764,,,
2,Other pumps,[345323],767,764,,,
2,Water treatment equipment,[34533],768,753,,,
2,Heavy-gauge metal containers (including intermodal),[34541],769,753,,,
2,"Materials handling equipment, conveyors, and elevators",[34542],770,753,,,
2,Materials handling trucks and tractors,[345421],771,770,,,
2,Hoisting machinery,[345422],772,770,,,
2,Conveyors and elevators,[345423],773,770,,,
2,"Other industrial machinery and equipment, not elsewhere classified",[34543],774,753,,,
2,Welding and soldering equipment,[345431],775,774,,,
2,Power-driven hand tools (except welding and soldering equipment),[345432],776,774,,,
2,"Packing, packaging, and bottling machinery",[345433],777,774,,,
2,"Other miscellaneous general-purpose machinery and equipment, not elsewhere classified",[345434],778,774,,,
2,"Industrial moulds, special dies, and patterns",[34551],779,753,,,
2,Parts of industrial machinery and equipment,[351],780,712,,,
2,"Parts of agricultural, lawn and garden, logging, construction, mining and oil and gas field machinery and equipment",[35111],781,780,,,
2,Parts of agricultural machinery and equipment,[351111],782,781,,,
2,"Parts of lawn, garden, and snow removal machinery and equipment",[351112],783,781,,,
2,Parts of logging and construction machinery and equipment,[351113],784,781,,,
2,Parts of mining and oil and gas field machinery and equipment,[351114],785,781,,,
2,Parts of office machines and other commercial and service industry machinery and equipment,[35112],786,780,,,
2,"Parts of other commercial and service industry machinery and equipment, not elsewhere classified",[351123],789,786,,,
2,"Parts of machine tools, hand tools, water treatment equipment and industry-specific manufacturing machinery and equipment",[35113],790,780,,,
2,Parts of pulp and paper industry machinery and equipment,[351131],791,790,,,
2,Parts of metalworking machinery and machine tools,[351133],793,790,,,
2,"Welding electrodes, and parts and accessories for welding equipment",[351134],794,790,,,
2,"Blades, dies and other cutting implements for power tools",[351136],796,790,,,
2,"Parts of industrial machinery and equipment, not elsewhere classified",[35114],798,780,,,
2,Parts for heating and cooling equipment,[351141],799,798,,,
2,Parts for materials handling trucks and tractors,[351143],801,798,,,
2,"Parts for materials handling equipment, conveyors, and elevators",[351144],802,798,,,
2,Parts of pumps (except fluid power) and air and gas compressors,[351145],803,798,,,
2,Parts of fluid power pumps and fluid power system components,[351146],804,798,,,
2,Parts of engines (except parts of motor vehicle engines),[351148],805,798,,,
2,"Parts of industrial machinery and non-electric machinery products, not elsewhere classified",[351149],806,798,,,
2,"Electrical, electronic, audiovisual and telecommunication products",[P73],807,1,,,
2,Computers and computer peripheral equipment,[361],808,807,,,
2,Computers and computer peripheral equipment,[36111],809,808,,,
2,Electronic computers,[361111],810,809,,,
2,Computer storage and peripheral equipment,[361112],811,809,,,
2,Communication and audio and video equipment,[362],812,807,,,
2,Telephone and data communications equipment,[36211],813,812,,,
2,"Telephone equipment (including telephone sets, fax machines, line and switchboard equipment)",[362111],814,813,,,
2,Data communications equipment,[362112],815,813,,,
2,Mobile telephones and other wireless communications equipment,[362113],816,813,,,
2,"Broadcast, studio, alarm, and signalling equipment",[36212],817,812,,,
2,"Broadcast, studio, and related electronic equipment",[362121],818,817,,,
2,Alarm and signalling equipment,[362122],819,817,,,
2,Navigational and guidance instruments,[36213],820,812,,,
2,"Aeronautical, nautical and navigational instruments",[362131],821,820,,,
2,"Search, detection, and guidance systems",[362132],822,820,,,
2,"Search, detection, and guidance systems, domestic",[362132],823,822,,,
2,"Search, detection, and guidance systems, export",[362132],824,822,,,
2,Televisions and other audio and video equipment,[36221],825,812,,,
2,Speakers and commercial sound equipment,[362211],826,825,,,
2,Televisions and other audio and video equipment (except speakers),[362212],827,825,,,
2,"Medical, measuring, and other electronic and electrical machinery and equipment",[363],828,807,,,
2,Electric motors and generators,[36311],829,828,,,
2,"Measuring, control, and scientific instruments (except electromedical and irradiation equipment)",[36312],830,828,,,
2,Watches and clocks (including parts),[363121],831,830,,,
2,Environmental and appliance control instruments,[363122],832,830,,,
2,Instruments for measuring electricity,[363123],833,830,,,
2,"Flowmeters, counting devices (except for motor vehicles), and aircraft engine instruments",[363124],834,830,,,
2,Process control instruments,[363125],835,830,,,
2,Scientific and technical instruments (except electromedical and irradiation equipment),[363126],836,830,,,
2,Medical and laboratory equipment (except scientific instruments),[36313],837,828,,,
2,Electromedical and irradiation equipment,[363131],838,837,,,
2,Surgical and medical instruments and equipment,[363132],839,837,,,
2,Medical furnishings and laboratory apparatus,[363133],840,837,,,
2,Electronic and electrical parts,[371],841,807,,,
2,"Printed and integrated circuits, semiconductors, and printed circuit assemblies",[37111],842,841,,,
2,Bare printed circuit boards,[371111],843,842,,,
2,Integrated circuits,[371112],844,842,,,
2,Semiconductors and related devices,[371113],845,842,,,
2,Printed circuit assemblies,[371114],846,842,,,
2,Other electronic components,[37112],847,841,,,
2,Electronic and fibre-optic connectors,[371121],848,847,,,
2,Other miscellaneous electronic components,[371122],849,847,,,
2,"Parts and accessories for appliances, electric lighting, and electric motors",[37121],850,841,,,
2,Parts of light bulbs and tubes (including fluorescent lamp ballasts),[371211],851,850,,,
2,Parts and attachments for household appliances (except printed circuit assemblies),[371212],852,850,,,
2,"Parts of electric motors, generators, and generator sets",[371213],853,850,,,
2,Parts of computers and computer peripherals (except printed circuit assemblies),[37131],854,841,,,
2,Electrical components,[381],859,807,,,
2,Electric light bulbs and tubes,[38111],860,859,,,
2,Communication and energy wire and cable,[38121],861,859,,,
2,Insulated metal wire and cable,[381211],862,861,,,
2,Fibre optic cable,[381212],863,861,,,
2,"Power, distribution and other transformers",[38122],864,859,,,
2,Power and distribution transformers,[381221],865,864,,,
2,Other transformers,[381222],866,864,,,
2,"Switchgear, switchboards, relays, and industrial control apparatus",[38123],867,859,,,
2,Industrial control apparatus,[381231],868,867,,,
2,"Low-voltage circuit breakers, panelboards, distribution boards, and other switching and interrupting equipment",[381232],869,867,,,
2,Fuses and high-voltage power distribution equipment,[381233],870,867,,,
2,Relays for electronic circuitry,[381234],871,867,,,
2,Wiring devices,[38124],872,859,,,
2,Current-carrying wiring devices (including parts),[381241],873,872,,,
2,Non-current-carrying wiring devices (including parts),[381242],874,872,,,
2,Other electrical equipment and components,[38125],875,859,,,
2,"Carbon, graphite, and carbon-fibre products",[381251],876,875,,,
2,Rectifying apparatus,[381252],877,875,,,
2,"Other electrical equipment and components, not elsewhere classified",[381253],878,875,,,
2,Appliances,[382],879,807,,,
2,Small electric appliances,[38211],880,879,,,
2,Household electric fans,[382111],881,880,,,
2,Other small electric appliances,[382112],882,880,,,
2,Major appliances,[38212],883,879,,,
2,Household cooking appliances,[382121],884,883,,,
2,Household refrigerators and freezers,[382122],885,883,,,
2,Household electric water heaters,[382123],886,883,,,
2,Household non-electric water heaters,[382124],887,883,,,
2,"Other major household appliances (except cooking appliances, water heaters, refrigerators and freezers)",[382125],888,883,,,
2,Furniture and fixtures,[P74],889,1,,,
2,Furniture and fixtures,[391],890,889,,,
2,Household furniture,[39111],891,890,,,
2,Upholstered household furniture,[391111],892,891,,,
2,Other wood household furniture (including ready-to-assemble and unpainted),[391112],893,891,,,
2,Non-wood household furniture (except upholstered),[391113],894,891,,,
2,Mattresses and foundations,[39112],895,890,,,
2,Office furniture,[39114],896,890,,,
2,Wood office furniture,[391141],897,896,,,
2,Non-wood office furniture,[391142],898,896,,,
2,"Partitions, shelving, lockers and other fixtures",[39115],899,890,,,
2,"Wood partitions, shelving, and lockers and other fixtures",[391151],900,899,,,
2,"Non-wood partitions, shelving, and lockers and other fixtures",[391152],901,899,,,
2,"Institutional and other furniture, not elsewhere classified (including furniture frames)",[39116],902,890,,,
2,Wood furniture frames,[391161],903,902,,,
2,"Institutional and other furniture, not elsewhere classified",[391162],904,902,,,
2,Blinds and shades,[39121],905,890,,,
2,"Window shades, blinds, and curtain fixtures",[391211],906,905,,,
2,"Electric lamps, lighting fixtures, and parts (except bulbs and tubes)",[39131],907,890,,,
2,Residential electric lamps and lighting fixtures (including lampshades),[391311],908,907,,,
2,"Commercial, institutional, and industrial lamps and lighting fixtures",[391312],909,907,,,
2,"Outdoor lighting equipment, and lighting equipment not elsewhere classified",[391313],910,907,,,
2,"Cement, glass, and other non-metallic mineral products",[P81],911,1,,,
2,Waste and scrap of glass,[159],912,911,,,
2,Waste and scrap of glass,[15911],913,912,,,
2,Non-metallic mineral products,[291],914,911,,,
2,Clay and ceramic products and refractories,[29111],915,914,,,
2,Refractories,[291111],916,915,,,
2,"Ceramic tile, and other structural and architectural ceramic products",[291112],917,915,,,
2,"Vitreous enamelled sanitary ware, and vitreous, semi-vitreous and earthenware products not elsewhere classified",[291113],918,915,,,
2,Concrete products,[29112],919,914,,,
2,Concrete block and brick,[291121],920,919,,,
2,Concrete pipes and fittings,[291122],921,919,,,
2,Other precast and prestressed concrete products,[291123],922,919,,,
2,Glass and glass products (except automotive glass and automotive mirrors),[29113],923,914,,,
2,Flat glass (except automotive),[291131],924,923,,,
2,Laminated and tempered glass (except automotive),[291132],925,923,,,
2,Textile-type glass fibre,[291133],926,923,,,
2,Multiple-walled insulating units of glass,[291134],927,923,,,
2,"Glass products, not elsewhere classified",[291135],928,923,,,
2,"Non-metallic mineral products, not elsewhere classified",[29114],929,914,,,
2,Dressed dimension stone,[291141],930,929,,,
2,Mineral wool,[291142],931,929,,,
2,Abrasives and abrasive-coated products,[291143],932,929,,,
2,Other non-metallic mineral products,[291144],933,929,,,
2,"Cement, lime and gypsum products",[465],934,911,,,
2,Cement,[46511],935,934,,,
2,Ready-mixed concrete,[46512],936,934,,,
2,Lime and gypsum products,[46513],937,934,,,
2,Lime,[465131],938,937,,,
2,Gypsum building materials and other gypsum products,[465132],939,937,,,
2,Packaging materials and containers,[P91],940,1,,,
2,Packaging materials,[474],941,940,,,
2,Wood containers and pallets,[47411],942,941,,,
2,"Light-gauge metal containers, crowns and closures, strapping and metal shipping materials",[47412],943,941,,,
2,Light-gauge metal containers,[474121],944,943,,,
2,"Caps, crowns and closures",[474122],945,943,,,
2,Metal strapping and metal shipping materials,[474123],946,943,,,
2,Plastic bags,[47414],947,941,,,
2,Plastic bottles,[47415],948,941,,,
2,"Foam products for packaging, of polystyrene or polyurethane",[47416],949,941,,,
2,Plastic packaging film and non-rigid sheets,[47417],950,941,,,
2,"Plastic film and sheets for packaging, of polyethylene",[474171],951,950,,,
2,Plastic film and sheets for packaging (except polyethylene),[474172],952,950,,,
2,"Plastic packaging materials, not elsewhere classified",[47418],953,941,,,
2,Plastic packaging for food,[474181],954,953,,,
2,"Other plastic packaging materials, not elsewhere classified",[474182],955,953,,,
2,Paperboard containers,[47421],956,941,,,
2,Corrugated and solid fibre boxes,[474211],957,956,,,
2,Folding and rigid paperboard boxes,[474212],958,956,,,
2,"Paperboard drums, canisters, tubes, spools and cones",[474213],959,956,,,
2,"Paperboard food containers, cups, plates and trays",[474214],960,956,,,
2,Converted paper packaging products,[47422],961,941,,,
2,Gummed and pressure-sensitive products,[474221],962,961,,,
2,Non-textile shipping sacks and multiwall bags,[474222],963,961,,,
2,Paper bags and sacks,[474223],964,961,,,
2,Moulded pulp products,[474224],965,961,,,
2,Other converted paper and laminated packaging products,[474225],966,961,,,
2,Glass containers,[47431],967,941,,,
2,Miscellaneous products,[P92],968,1,,,
2,Prefabricated buildings and components,[471],969,968,,,
2,Prefabricated metal buildings and components,[47111],970,969,,,
2,Prefabricated wood buildings and components,[47112],971,969,,,
2,Prefabricated wood buildings,[471121],972,971,,,
2,Components for prefabricated wood buildings,[471122],973,971,,,
2,Manufactured (mobile) buildings,[47113],974,969,,,
2,Manufactured (mobile) homes,[471131],975,974,,,
2,Non-residential mobile buildings,[471132],976,974,,,
2,Miscellaneous goods and supplies,[475],977,968,,,
2,"Medical, dental and personal safety supplies",[47511],978,977,,,
2,"Wheelchairs, and orthopaedic and prosthetic appliances",[475111],979,978,,,
2,"Medical appliances and supplies, not elsewhere classified",[475112],980,978,,,
2,Dental equipment and supplies,[475113],981,978,,,
2,Ophthalmic products,[475114],982,978,,,
2,Personal safety equipment and clothing,[475115],983,978,,,
2,Signs,[47512],984,977,,,
2,Caskets and coffins,[47513],985,977,,,
2,"Hand tools, kitchen utensils and cutlery (except precious metal)",[47521],986,977,,,
2,Hand tools,[475211],987,986,,,
2,Kitchen utensils and cutlery (except precious metal),[475212],988,986,,,
2,Office supplies (except paper),[47522],989,977,,,
2,"Pencils, pens and markers (including parts)",[475221],990,989,,,
2,"Office, school and art supplies, not elsewhere classified",[475222],991,989,,,
2,Batteries,[47523],992,977,,,
2,Sporting and athletic goods,[47531],993,977,,,
2,"Playground, gymnasium and exercise equipment",[475311],994,993,,,
2,Other sporting and athletic goods,[475312],995,993,,,
2,Toys and games,[47532],996,977,,,
2,Infant strollers and children's vehicles,[475321],997,996,,,
2,Non-electronic toys and games,[475322],998,996,,,
2,Electronic toys and games (except game software),[475323],999,996,,,
2,"Jewellery, cut gems, jewellery findings, and precious metal hollowware and flatware",[47533],1000,977,,,
2,Precious metal jewellery,[475331],1001,1000,,,
2,Cut diamonds (except industrial),[475332],1002,1000,,,
2,"Cut gems (except diamonds), jewellery findings, and metal coins and tokens",[475333],1003,1000,,,
2,Precious metal hollowware and flatware,[475334],1004,1000,,,
2,Costume jewellery and novelties,[475335],1005,1000,,,
2,Musical instruments (including parts and accessories),[47534],1006,977,,,
2,Other miscellaneous goods,[47542],1007,977,,,
2,"Buttons, zippers and other notions",[475421],1008,1007,,,
2,"Brooms, mops, dusters, and brushes, and painting pads, rollers and accessories",[475422],1009,1007,,,
2,"Other miscellaneous goods, not elsewhere classified",[475423],1010,1007,,,
2,"Unrecorded optical and magnetic media, and media not elsewhere classified",[48133],1011,968,,,
